Text,Category,Type,Role
لا تتكلم يا قزم، احد سألك؟,Cyberbullying,Denigration_Humiliation,aggressor
انتي من الانستا وتقولين بتعطيني ملاحظات على كتابتي؟ شكرا,Grooming,Trust_Building,victim
انتي حتى ما تعرفين تسوين تيك توك صح، فاشلة,Cyberbullying,Denigration_Humiliation,aggressor
اوكي اعطيك رايي بالماتش، بس انت قول لي من وين تعرفني,Grooming,Trust_Building,victim
شكرا على السكن بفري فاير انتي ما تعرفيني بس طيبة,Grooming,Trust_Building,victim
كتبت تعليق مسيء ب ببجي بحساب راشد والكل صدق,Cyberbullying,Impersonation,aggressor
ليه بعض العيال يسوون حسابات بأسماءنا ويسببون لنا مشاكل ب تويتر؟,Cyberbullying,Impersonation,victim
اليوم الجو بارد مره ودي أشرب شوكولاتة ساخنة والله,Normal,Normal,none
ليش كتبتي عني بوست بالتويتر؟ انا ما سويت لك شي,Cyberbullying,Denigration_Humiliation,victim
يا حلوة انتي تحبين ماين كرافت؟ تعالي سيرفري الخاص، كله ناس لطيفين,Grooming,Trust_Building,aggressor
والله وناسة لما نسخت حساب ب سناب باسم خالد وأكتب كلام غبي,Cyberbullying,Impersonation,aggressor
خلاص البنات صاروا يقولون علي غبية لين صدقت,Cyberbullying,Denigration_Humiliation,victim
يا ربي زهقت من الحسابات الوهمية اللي باسمي في منصة مدرستي,Cyberbullying,Impersonation,victim
ولد الكرش وصل وسعوا الطريق,Cyberbullying,Denigration_Humiliation,aggressor
انت اوفى متابع عندي ههه مع اني ما اعرف مين انت,Grooming,Trust_Building,victim
توي أدري إن فيه حساب ب فورتنايت يقلد صوتي أو اسمي بالحرف,Cyberbullying,Impersonation,victim
والله مو أنا اللي كتبت الكلام هذاك ب واتساب هذاك اكونت مزيف,Cyberbullying,Impersonation,victim
اليوم حسيت بنعاس شديد بالحصة الأخيرة من كثر ما الدرس طويل شكرا,Normal,Normal,none
ليش تقولون اني اخاف من القطط؟ وش دخلكم,Cyberbullying,Denigration_Humiliation,victim
نعسان والله اليوم من المدرسة نومي كان قليل أمس,Normal,Normal,none
انتي تكتبين حلو بالتعليقات، اكيد تحبين القراءة، كم عمرك؟,Grooming,Trust_Building,aggressor
أنا اللي كلمت الشباب ب قروب المدرسة مسوي نفسي ريماس هههههه,Cyberbullying,Impersonation,aggressor
أمي شافت رسائل ب انستا مفكرة إني أنا اللي كاتبها وهي مو مني,Cyberbullying,Impersonation,victim
فيه شخص سوا حساب مزيف باسمي وش قاعد يسوي بالناس؟,Cyberbullying,Impersonation,victim
سويت نفس اسم خالد وصورته ب سناب وقاعد أرد على المدرسين,Cyberbullying,Impersonation,aggressor
انا اكبر منك بس ابي اكون صاحبك، عادي؟,Grooming,Trust_Building,aggressor
ترى ترى نتيجته بالقدرات فضيحة، لا يسوي نفسه ذكي,Cyberbullying,Denigration_Humiliation,aggressor
توي أدري إن فيه حساب ب منصة مدرستي يقلد صوتي أو اسمي بالحرف تكفون,Cyberbullying,Impersonation,victim
كم عمرك يا حلوة؟ انا 14 بس نقدر نصير صحبة,Grooming,Trust_Building,aggressor
انت من وين بالضبط؟ اول مره العب مع احد من مصر,Grooming,Trust_Building,victim
صدقا انبسط لما ترد على الستوري، حتى لو ما شفتك بحياتي,Grooming,Trust_Building,victim
كيف اشكر احد عطاني بطاقة شحن وانا ما اعرفه,Grooming,Trust_Building,victim
شفت رسمتك بالبنترست وحفظتها، انتي موهوبة، كم عمرك؟,Grooming,Trust_Building,aggressor
ايوه انا بنت وعمري 11 ليش تسأل؟ انت كم عمرك,Grooming,Trust_Building,victim
والله مو أنا اللي كتبت الكلام هذاك ب واتساب هذاك اكونت مزيف تكفون,Cyberbullying,Impersonation,victim
اول مره احد كبير من الانستا يرد على رسمتي ويمدحها,Grooming,Trust_Building,victim
كيف أبلغ عن حساب انستقرام منتحل شخصيتي؟,Cyberbullying,Impersonation,victim
انا 15 بس اعتبريني اختك الكبيرة من النت,Grooming,Trust_Building,aggressor
انتي كبيرة بس تحسين بالضغط اللي فيني، عرفتك من التيك توك,Grooming,Trust_Building,victim
مين يعرف طريقة استرجاع حساب انستا المسروق اللي يرسل خرابيط؟,Cyberbullying,Impersonation,victim
كتبت تعليق مسيء ب انستا بحساب رغد والكل صدق,Cyberbullying,Impersonation,aggressor
خليني اساعدك بالرياضيات، انا بالثانوي وانت باين عليك ابتدائي,Grooming,Trust_Building,aggressor
انت ما تعرفني بس سألتني اذا انا بخير لما قلت تعبانة,Grooming,Trust_Building,victim
انت صغير على السيرفر ذا بس انا بحميك فيه,Grooming,Trust_Building,aggressor
يا حلوك بالفيديو وانت تشرح، كم عمرك؟ شكلك صغير بس فاهم,Grooming,Trust_Building,aggressor
كل يوم اشوف ستورياتك بالسناب، انت تضحك والله,Grooming,Trust_Building,aggressor
يا غلا تعال دخلني السيرفر حقك في ماينكرافت بسرعة,Normal,Normal,none
يا شباب نسخت جروب واتساب جديد وسميته على اسم لمى وأرسل نكت,Cyberbullying,Impersonation,aggressor
ايوه احب اسولف بالليل، بس انت ما قلت لي عن نفسك ولا شي,Grooming,Trust_Building,victim
عطوني سكنات حلوة في ببجي ودي أشتري بس متخوف,Normal,Normal,none
شفتك تلعب ببجي امس وعجبني لعبك، كم عمرك؟ انا 15,Grooming,Trust_Building,aggressor
اوكي اقولك وش احب اكل، بس انت قول لي عمرك الحقيقي بعد,Grooming,Trust_Building,victim
انت كبير بس تكلمني كأني من عمرك، حلو,Grooming,Trust_Building,victim
ليش حطيتوا درجتي بالستوري؟ هذي خصوصيتي,Cyberbullying,Denigration_Humiliation,victim
انا 14 وانت 10؟ ههه بس انت اذكى من اصحابي,Grooming,Trust_Building,aggressor
ترى اي شي تحتاجينه باللعبة قوليلي، انا اكبر واعرف كل شي,Grooming,Trust_Building,aggressor
يا حلو تفكيرك، ما توقعت احد بعمرك يفكر كذا,Grooming,Trust_Building,aggressor
ياخي رهيب لما دخلت حساب ب ديسكورد باسم هديل وأسوي مشاكل,Cyberbullying,Impersonation,aggressor
والله مو أنا اللي كتبت الكلام هذاك ب ديسكورد هذاك اكونت مزيف,Cyberbullying,Impersonation,victim
انت كم عمرك؟ لا تقول 10! ههه تلعب كأنك 16,Grooming,Trust_Building,aggressor
كيف أبلغ إدارة ماينكرافت عن شخص منتحل شخصيتي وسارق حسابي؟,Cyberbullying,Impersonation,victim
تعليقات تتريق على الصور,Cyberbullying,Denigration_Humiliation,aggressor
انا ما ابي ادخل السيرفر، صار كله ميمز عني,Cyberbullying,Denigration_Humiliation,victim
انتي عمرك 20 وتحبين نفس الكرتون اللي احبه؟ ههه,Grooming,Trust_Building,victim
انت كبير بالعمر بس سوالفك عن الانمي حلوة,Grooming,Trust_Building,victim
نسخت بوستات فاطمة ونشرتها بحسابي الوهمي ب تيك توك,Cyberbullying,Impersonation,aggressor
والله وناسة لما أنشأت حساب ب تويتر باسم تركي وأكتب كلام غبي,Cyberbullying,Impersonation,aggressor
ليش قلتوا اني اغش؟ انا اذاكر صدق,Cyberbullying,Denigration_Humiliation,victim
هل الهدايا من الغرباء باللعبة امان,Grooming,Trust_Building,victim
تكفين قولي للبنات يوقفون، صرت ما ابي اروح,Cyberbullying,Denigration_Humiliation,victim
كيف أقدر أحذف حساب وهمي ب ببجي منتحل شخصيتي؟,Cyberbullying,Impersonation,victim
سكرين شوت لرسايله الغبية، الكل لازم يشوفها,Cyberbullying,Denigration_Humiliation,aggressor
صورك حلوة مره، تقدر تعلمني التصوير؟ مع اني ما اعرفك الا من الانستا,Grooming,Trust_Building,victim
دخلت لعبة تويتر بشخصية غلا وقمت أطرد الناس,Cyberbullying,Impersonation,aggressor
ههههه انت شخص غريب بس دمك خفيف، كمل سولف,Grooming,Trust_Building,victim
أبشرك يا عمي جبت درجات عالية بالاختبار اليوم الحمد لله,Normal,Normal,none
ليش قلتوا ان ابوي سيارته خردة؟ هو تعب عليها,Cyberbullying,Denigration_Humiliation,victim
انت من السيرفر وتقول بتسوي لي سكن خاص؟ وناسة,Grooming,Trust_Building,victim
يا جماعة هذا اللي قال انه بيصير طبيب، درجاته فضيحة,Cyberbullying,Denigration_Humiliation,aggressor
اوكي اكلمك بالليل، انت تفهم بالسيارات اكثر من اي احد اعرفه,Grooming,Trust_Building,victim
يا خالي وش رايك ب فورتنايت؟ ولدك يقول إنك كنت تحب الألعاب زمان هههه,Normal,Normal,none
عمرك 23؟ عادي انت تلعب احسن من الكل,Grooming,Trust_Building,victim
انا ادير سيرفر بالديسكورد، تعال بعطيك رتبة مميزة لانك جديد ولطيف,Grooming,Trust_Building,aggressor
ليه فيه ناس فاضية تسوي حسابات مزيفة بأسامينا في روبلوكس؟,Cyberbullying,Impersonation,victim
ماما سوت فطاير دجاج اليوم تفتح النفس بالعافية علينا صحيح,Normal,Normal,none
عادي اسولف معك؟ انا 14 وانت باين عليك اصغر,Grooming,Trust_Building,aggressor
شفتك تشرح باللايف، انت ولد واثق، احب الشخصيات كذا,Grooming,Trust_Building,aggressor
انا مو من مدرستك بس شفتك بالقروب وحسيتك شخص حلو,Grooming,Trust_Building,aggressor
يا ربي زهقت من الحسابات الوهمية اللي باسمي في ببجي,Cyberbullying,Impersonation,victim
أنا اللي كلمت الشباب ب تويتر مسوي نفسي جود هههههه,Cyberbullying,Impersonation,aggressor
تكفون بلغوا عن حساب ب انستا حاط صورتي واسمي ويسيء للناس,Cyberbullying,Impersonation,victim
حسيت انهم يقلدون صوتي بالكول، حتى لو ما قالوا,Cyberbullying,Denigration_Humiliation,victim
احس اني مرتاحة معك مع اني ما اعرفك الا من اسبوع,Grooming,Trust_Building,victim
يا اللي من الكومنتات شكرا انك قلت فيديوي يضحك,Grooming,Trust_Building,victim
كيف ارد على شخص اكبر مني يعطيني هدايا,Grooming,Trust_Building,victim
عرفتك من قروب الشعر وتقول قصيدتي مؤثرة؟ ما توقعت,Grooming,Trust_Building,victim
ياخي رهيب لما سويت حساب ب ببجي باسم لين وأسوي مشاكل,Cyberbullying,Impersonation,aggressor
يا بنات شوفوا لمى بالستوري، مسوية نفسها موديل وهي مثل الفزاعة,Cyberbullying,Denigration_Humiliation,aggressor
انتي لهجتك تضحك، كأنك من مسلسل قديم,Cyberbullying,Denigration_Humiliation,aggressor
يا ثقيل الدم,Cyberbullying,Denigration_Humiliation,aggressor
انتي تضحكين على كل شي ههه، احب الناس كذا، توني لاقيتك,Grooming,Trust_Building,aggressor
انت من التيك توك وتسأل عن مدرستي؟ عادي ثالث ابتدائي,Grooming,Trust_Building,victim
أنا سويت حساب مشابه ل فيصل ب فورتنايت بحرف زايد عشان ما ينتبهون,Cyberbullying,Impersonation,aggressor
كيف اسولف مع شخص اكبر مني بالنت,Grooming,Trust_Building,victim
توني متعرف عليك بالسكواد بس احس انك اخوي,Grooming,Trust_Building,aggressor
يا جماعة اكونتي ب منصة مدرستي مسروق وفيه شخص يكلم الناس بدلي,Cyberbullying,Impersonation,victim
قاعدة أساعد أمي في المطبخ نسوي حلا العصر,Normal,Normal,none
"حطيت صورتها وكتبت ""تحدي: لا تضحك"" ههههه",Cyberbullying,Denigration_Humiliation,aggressor
ساعدوني يا شباب ايش أساوي لو واحد فتح حساب باسمي ب قروب المدرسة؟,Cyberbullying,Impersonation,victim
انا اتأخر لان بيتنا بعيد، مو لاني ما عندي منبه,Cyberbullying,Denigration_Humiliation,victim
ترى انت مضحكة الصف، الكل يقلدك,Cyberbullying,Denigration_Humiliation,aggressor
انتي تحسبين نفسك مشهورة؟ حتى امك ما تتابعك ههه,Cyberbullying,Denigration_Humiliation,aggressor
كيف اسوي ريمكس لصوت احد,Cyberbullying,Denigration_Humiliation,aggressor
شوفي نفسك بالمراية قبل لا تنزلين صورة يا بنت,Cyberbullying,Denigration_Humiliation,aggressor
أنا وتركي قاعدين نبني بيت كبير في ماينكرافت تعالوا شوفوه,Normal,Normal,none
ما اعرفك بس حبيت انك تقول الشعر حقي حلو بالصورة,Grooming,Trust_Building,victim
انا ما اعرفك الا من الكومنت بس احسك قريبة مني,Grooming,Trust_Building,aggressor
أبوي جاب لنا بطيخ بارد يبرد على القلب بهالجو الحار صحيح,Normal,Normal,none
انت اصلا ليش تنزل مقاطع؟ محد يتفرج عليك غير امك,Cyberbullying,Denigration_Humiliation,aggressor
يا عمري انت اول مرة تلعب اونلاين؟ لا تخاف، انا معك,Grooming,Trust_Building,aggressor
تكفون انا بس ابي اكون عادي مثلكم، ليش تتمسخرون,Cyberbullying,Denigration_Humiliation,victim
ترى هي تسوي نفسها غنية بس بيتهم شقة صغيرة ههه,Cyberbullying,Denigration_Humiliation,aggressor
ترى سمعت انها ما نجحت بالانجليزي الا بالدور الثاني,Cyberbullying,Denigration_Humiliation,aggressor
انتي كيوت لما تكتبين بالايموجي ههه، انا اكبر منك بس عادي,Grooming,Trust_Building,aggressor
احس اني صرت نكتة المدرسة كلها,Cyberbullying,Denigration_Humiliation,victim
انتي تشبهين اختي الصغيرة بالكلام، ارتحت لك من اول,Grooming,Trust_Building,aggressor
أنا اللي كلمت الشباب ب انستا مسوي نفسي سلطان هههههه ههههه,Cyberbullying,Impersonation,aggressor
انت ما تعرفني بس تقول بتعلمني الشطرنج؟ وناسة,Grooming,Trust_Building,victim
توني متابعتك بس احس اني بصير اكثر وحدة تدعمك,Grooming,Trust_Building,aggressor
خلنا نصير اصحاب، انت ولد مرتب وانا احب الناس المرتبين,Grooming,Trust_Building,aggressor
يا أختي الكبيرة وش رايك ب فورتنايت؟ ولدك يقول إنك كنت تحب الألعاب زمان هههه,Normal,Normal,none
انت ولد خفيف دم، اول مرة اضحك كذا مع احد من القيم,Grooming,Trust_Building,aggressor
تعال سكواد معي، انا 15 بس احب العب مع اللي اصغر,Grooming,Trust_Building,aggressor
قاعدة أساعد أمي في المطبخ نسوي حلا العصر والله,Normal,Normal,none
انتي تحبين القراءة؟ عندي روايات حلوة بعطيك، كم عمرك؟,Grooming,Trust_Building,aggressor
ياخي رهيب لما نسخت حساب ب ببجي باسم ديم وأسوي مشاكل,Cyberbullying,Impersonation,aggressor
فرق العمر بينا كبير بس عادي، انت محترم معي,Grooming,Trust_Building,victim
كيف أسوي سيرفر خاص مجاني في ماينكرافت,Normal,Normal,none
أنا منصدم واحد مسوي حساب ب منصة مدرستي بنفس صورتي واسمي الثلاثي,Cyberbullying,Impersonation,victim
يا نورة تعال دخلني السيرفر حقك في ماينكرافت بسرعة,Normal,Normal,none
خلصت الواجبات وبطلع العب مع الشباب بالحوش شوي صحيح,Normal,Normal,none
ما اعرفك بس كلمة شاطر منك فرحتني,Grooming,Trust_Building,victim
يا عمري انتي تخجلين بالبث ههه، كيوت، انا اكبر بس عادي نسولف,Grooming,Trust_Building,aggressor
شكرا على الروبكس انتي ما تعرفيني الا من ماب الرول بلاي وعطيتيني,Grooming,Trust_Building,victim
تخيل انا وانت ما نعرف بعض الا من اسبوع وصرت اقولك كل شي ههه,Grooming,Trust_Building,victim
البنت ذي تقلد المشهورات وهي ولا شي ههههه,Cyberbullying,Denigration_Humiliation,aggressor
بعطيك شدات,Grooming,Trust_Building,aggressor
أحب أرسم بالألوان المائية بس دايم أوسخ يدي ههه,Normal,Normal,none
افضل هدايا لشخص تعرفت عليه بالديسكورد,Grooming,Trust_Building,aggressor
انت قلت عمرك 21؟ ههه عادي انت مضحك,Grooming,Trust_Building,victim
شفت مقطعك بالسكيت، انت شجاع لعمرك، علمني ههه,Grooming,Trust_Building,aggressor
انا ادري اني قصير، ما يحتاج كل يوم تذكروني,Cyberbullying,Denigration_Humiliation,victim
خلنا نصير اصحاب,Grooming,Trust_Building,aggressor
ما اعرف شكلك بس احس اني اعرفك من زمان,Grooming,Trust_Building,victim
"انا كتبت عنها بالانستا ""اثقل بنت بالمدرسة""",Cyberbullying,Denigration_Humiliation,aggressor
ههههه النت فصل عندي فجأة بنص القيم وقهرت الفريق,Normal,Normal,none
ياخي انت غريب بس اكثر واحد يشجعني ارجع للتمرين,Grooming,Trust_Building,victim
انت كم عمرك؟ ههه خمنت انك 10 من طريقة كتابتك,Grooming,Trust_Building,aggressor
البنت ذي تحسب نفسها بنت ناس، بيتهم ايجار ههه,Cyberbullying,Denigration_Humiliation,aggressor
دخلت سيرفر روبلوكس مسوي نفسي نوف وقمت أسب خوينا,Cyberbullying,Impersonation,aggressor
شكرا على الهدية، ما توقعت احد من الانستا يتذكر عيد ميلادي,Grooming,Trust_Building,victim
بعطيك ثيمات وخلفيات حصرية، بس لك، لانك عجبتيني من اول,Grooming,Trust_Building,aggressor
شوفوا نظارتها، مثل نظارة جدتي,Cyberbullying,Denigration_Humiliation,aggressor
يا عيال مين يدخل معي قيم فايف ام الحين,Normal,Normal,none
أنا وبسمة قاعدين نبني بيت كبير في ماينكرافت تعالوا شوفوه,Normal,Normal,none
يا عيال مين يبي نلعب تيم دات ماتش في فيفا؟,Normal,Normal,none
سووا تصويت عني بالقروب,Cyberbullying,Denigration_Humiliation,victim
دخلت لعبة انستا بشخصية سلطان وقمت أطرد الناس ههههه,Cyberbullying,Impersonation,aggressor
انت قلت انك تشتغل بالاعلام؟ وتقول اني اصلح مذيع؟ واو,Grooming,Trust_Building,victim
أحد سرق صورتي الشخصية ب قروب المدرسة وقاعد ينشر مقاطع تفشل,Cyberbullying,Impersonation,victim
حطيت لقطة الشاشة لما خسر بفورتنايت قدام الكل، يا نوب,Cyberbullying,Denigration_Humiliation,aggressor
يا عيال دخلت حساب ب روبلوكس نفس صورة لمى بالضبط ومحد درى,Cyberbullying,Impersonation,aggressor
بححث عن طريقة أسوي حساب وهمي ب تليجرام بدون رقم,Cyberbullying,Impersonation,aggressor
يا فاشل كل يوم نفس الغلطة، ما تتعلم؟ الكل شاف,Cyberbullying,Denigration_Humiliation,aggressor
دخلت سيرفر قروب المدرسة مسوي نفسي ريماس وقمت أسب خوينا,Cyberbullying,Impersonation,aggressor
أحد سرق صورتي الشخصية ب فورتنايت وقاعد ينشر مقاطع تفشل تكفون,Cyberbullying,Impersonation,victim
ليش نزلت صورتي وانا نايم؟ عيب عليك,Cyberbullying,Denigration_Humiliation,victim
عرفتك بالقيم امس وصرت احكيلك عن مدرستي ههه,Grooming,Trust_Building,victim
انتي مره كيوت لما تفرحين بالفوز، انا بلعب معك كل يوم,Grooming,Trust_Building,aggressor
عطوني سكنات حلوة في روبلوكس ودي أشتري بس متخوف,Normal,Normal,none
أنا اللي فتحت حساب رغد ب فورتنايت وقعدت أكلم صاحبه,Cyberbullying,Impersonation,aggressor
انا بالثاني ثانوي، بس احب العب معك لانك ممتع,Grooming,Trust_Building,aggressor
انت قلت عمرك 29 وتعرف كل لاعبين الهلال؟ ههه زيي,Grooming,Trust_Building,victim
يا ابو كرش,Cyberbullying,Denigration_Humiliation,aggressor
مره مبسوطة اني تعرفت عليك من قروب الكيبوب حتى لو ما شفتك,Grooming,Trust_Building,victim
انت قلت عمرك 29؟ بس انت مو زي الكبار الثانيين، تفهم,Grooming,Trust_Building,victim
تكفون احذفوا المقطع,Cyberbullying,Denigration_Humiliation,victim
يا بنت عمي طلبت لك قهوة زي ما تحب الحين أجيبها لك وأنت قاعد بالمجلس,Normal,Normal,none
حلو اننا نتكلم كل يوم، تعرفت عليك من تعليق وصرت مثل اخوي الكبير,Grooming,Trust_Building,victim
ليش حطيتوني بقايمة اوحش لبس؟ هذا لبس العيد حقي,Cyberbullying,Denigration_Humiliation,victim
يا شباب هالواد يلبس نفس الثوب كل يوم، فقير ولا وش,Cyberbullying,Denigration_Humiliation,aggressor
أمي شافت رسائل ب واتساب مفكرة إني أنا اللي كاتبها وهي مو مني,Cyberbullying,Impersonation,victim
الولد ذا صوته ما خشن لين الحين، يتكلم مثل البنات,Cyberbullying,Denigration_Humiliation,aggressor
كل يوم يجيب نفس السندويشة، شكلهم فقراء,Cyberbullying,Denigration_Humiliation,aggressor
يا جماعة اكونتي ب ببجي مسروق وفيه شخص يكلم الناس بدلي تكفون,Cyberbullying,Impersonation,victim
يا أخوي الكبير الله يعطيك العافية على الهدية الجميلة مره انبسطت عليها,Normal,Normal,none
بعطيك بطاقة قوقل بلاي، شي بسيط لانك اكثر وحدة تدعمني,Grooming,Trust_Building,aggressor
تكفون بلغوا عن حساب ب ببجي حاط صورتي واسمي ويسيء للناس,Cyberbullying,Impersonation,victim
ليه بعض العيال يسوون حسابات بأسماءنا ويسببون لنا مشاكل ب واتساب؟,Cyberbullying,Impersonation,victim
توي أدري إن فيه حساب ب ببجي يقلد صوتي أو اسمي بالحرف,Cyberbullying,Impersonation,victim
البنت ذي تحسب حالها انفلونسر وهي محد يعرفها ههه,Cyberbullying,Denigration_Humiliation,aggressor
انا اتعلم انجليزي، ليش تقولين فاشلة,Cyberbullying,Denigration_Humiliation,victim
يعني انت بالجامعة وتحب تسولف معي؟ وناسة,Grooming,Trust_Building,victim
ليش نزلتي مقطعي وانا اتكلم انجليزي؟ انا اتعلم,Cyberbullying,Denigration_Humiliation,victim
انتي صوتك حلو بالبودكاست حقك، اكيد عمرك صغير، بس موهوبة,Grooming,Trust_Building,aggressor
يا صغير انت قوي باللعبة، بشتري لك اللي تبيه من المتجر,Grooming,Trust_Building,aggressor
يمه البنات قالوا عن لبسي انه من محل ابو ريالين,Cyberbullying,Denigration_Humiliation,victim
شكرا يا غريب على المساعدة بالمستوى الصعب,Grooming,Trust_Building,victim
كيف أبلغ إدارة فورتنايت عن شخص منتحل شخصيتي وسارق حسابي؟,Cyberbullying,Impersonation,victim
يا دجاجة ليش هربت بالقيم؟ هههههه امزح امزح نورت,Normal,Normal,none
الله يسعدك على الكلام الحلو، اول مرة احد غريب يعلق بهالطيبة,Grooming,Trust_Building,victim
ليش حطيتي صورتي بقروب الحارة؟ ما اعرف نصهم,Cyberbullying,Denigration_Humiliation,victim
الله يجزاك خير يا ولد عمي ما قصرت معي والله يطول بعمرك,Normal,Normal,none
ليش قلتوا عن خطي انه دجاجة كتبته؟ انا اكتب بسرعة,Cyberbullying,Denigration_Humiliation,victim
شكرا على البطاقة يا الشيخ ههه، ما ادري من انت اصلا,Grooming,Trust_Building,victim
ليش قلت عني عار على العيلة؟ هذا كثير,Cyberbullying,Denigration_Humiliation,victim
يمه شوفي وش كتبوا تحت صورتي بالانستا,Cyberbullying,Denigration_Humiliation,victim
انتي اكثر وحدة تحمست لها بالقروب، احس انك قريبة لي,Grooming,Trust_Building,aggressor
تكفون يا عيال اعملوا بلاغ على الحساب المزيف اللي باسمي ب سناب,Cyberbullying,Impersonation,victim
أنا منصدم واحد مسوي حساب ب قروب المدرسة بنفس صورتي واسمي الثلاثي,Cyberbullying,Impersonation,victim
يا روان تعال دخلني السيرفر حقك في ماينكرافت بسرعة,Normal,Normal,none
ما اعرفك برا اللعبة بس شكرا انك ما تتنمر زي الباقين,Grooming,Trust_Building,victim
انا عندي صاحبات، بس ما يحبون القروب ذا,Cyberbullying,Denigration_Humiliation,victim
يا ربي زهقت من الحسابات الوهمية اللي باسمي في ديسكورد تكفون,Cyberbullying,Impersonation,victim
حلو انك تساعدني بالواجب مع اني ما اعرفك الا من قروب الدراسة اونلاين,Grooming,Trust_Building,victim
فزت على أختي ب فايف ام وقعدت تصيح تبي تعيد القيم هههه,Normal,Normal,none
انا كنت مثلك لما كنت صغير، عشان كذا ابي اساعدك,Grooming,Trust_Building,aggressor
انت ولد طموح، شفت قناتك وفيها شغل، بساعدك تكبر,Grooming,Trust_Building,aggressor
انا لاحظت انك دايم تعلقين عندي، شكرا، تعالي نسولف,Grooming,Trust_Building,aggressor
سويت نفس اسم خالد وصورته ب واتساب وقاعد أرد على المدرسين,Cyberbullying,Impersonation,aggressor
خسرت البارتي الأخير بس مو مشكلة نعوضها القيم الجاي,Normal,Normal,none
مبروك الفوز يا سارة لعبت اليوم بمستوى بطل,Normal,Normal,none
انت كبير بس تعرف كل ميمز التيك توك ههه ما توقعت,Grooming,Trust_Building,victim
ياخي رهيب لما سوينا حساب ب تليجرام باسم فيصل وأسوي مشاكل,Cyberbullying,Impersonation,aggressor
والله مو أنا اللي كتبت الكلام هذاك ب قروب المدرسة هذاك اكونت مزيف,Cyberbullying,Impersonation,victim
انتي صغيرة ولا كبيرة؟ ما يبان من كلامك، كله نضج,Grooming,Trust_Building,aggressor
انتي تحسبين نفسك تعرفين تطبخين؟ كيكتك مثل الحجر,Cyberbullying,Denigration_Humiliation,aggressor
سويت مقطع ريمكس لصوته وهو يعصب، صار ترند بالقروب,Cyberbullying,Denigration_Humiliation,aggressor
انتي صرتي اقرب وحدة لي بالقروب، مع اننا من اسبوع بس,Grooming,Trust_Building,aggressor
وينك يا صالح قاعد أستناك بالسيرفر صار لي ساعة,Normal,Normal,none
ياخي رهيب لما فتحت حساب ب فورتنايت باسم حور وأسوي مشاكل,Cyberbullying,Impersonation,aggressor
بعطيك نيترو بالديسكورد هدية، لانك اكثر واحد ارتحت له,Grooming,Trust_Building,aggressor
أنا منصدم واحد مسوي حساب ب تليجرام بنفس صورتي واسمي الثلاثي,Cyberbullying,Impersonation,victim
شكرا على الكلام الحلو عن صوري، انت ما تعرفني بس فرحتني,Grooming,Trust_Building,victim
شخص بالتليقرام يرسل لي كتب ويسولف معي,Grooming,Trust_Building,victim
مين يعرف طريقة استرجاع حساب واتساب المسروق اللي يرسل خرابيط؟,Cyberbullying,Impersonation,victim
تعبير عن حب الوطن السعودية قصير ومميز,Normal,Normal,none
خلاص بقفل حسابي، ما عاد اقدر اقرا التعليقات,Cyberbullying,Denigration_Humiliation,victim
نسخت بوستات شهد ونشرتها بحسابي الوهمي ب ديسكورد ههههه,Cyberbullying,Impersonation,aggressor
ليش تضحكين على لهجتي؟ هذي لهجة جدتي,Cyberbullying,Denigration_Humiliation,victim
يا ويلك من الاحراج، المقطع وصل لكل المدرسة,Cyberbullying,Denigration_Humiliation,aggressor
انتي تحبين التصوير؟ عندي كاميرا، بعلمك اونلاين، انا اكبر بس عادي,Grooming,Trust_Building,aggressor
القاب مضحكة للطلاب,Cyberbullying,Denigration_Humiliation,aggressor
خذ روبكس تكفيك، انت صاحبي الصغير من السيرفر,Grooming,Trust_Building,aggressor
"حتى بنات الصف الثاني يقولون عني ""ثقيلة""",Cyberbullying,Denigration_Humiliation,victim
قاعد أصور الشاشة وأنا أنتحل شخصية هديل ب منصة مدرستي بيموتون قهر,Cyberbullying,Impersonation,aggressor
انا حذفت كل صوري من حسابي بسبب التعليقات,Cyberbullying,Denigration_Humiliation,victim
ما ادري وش شكلك بس سوالفك عن السفر حلوة مره,Grooming,Trust_Building,victim
"خلونا نخلي كل البنات يقولون عنها ""الغبية"" لين تصدق",Cyberbullying,Denigration_Humiliation,aggressor
علمني كيف اصير محترف، انت لاعب كبير وانا توني اعرفك,Grooming,Trust_Building,victim
تكفين احذفي الصورة اللي قصيتيها من الرحلة، انا مستحية,Cyberbullying,Denigration_Humiliation,victim
ما ابي اروح المدرسة بسبب المقطع,Cyberbullying,Denigration_Humiliation,victim
كيف أقدر أحذف حساب وهمي ب تويتر منتحل شخصيتي؟,Cyberbullying,Impersonation,victim
أبوي جاب لنا بطيخ بارد يبرد على القلب بهالجو الحار,Normal,Normal,none
قاعد ألعب بلعبة سناب واسمي نفسي مها عشان يظنونه هو,Cyberbullying,Impersonation,aggressor
كيف أبلغ إدارة واتساب عن شخص منتحل شخصيتي وسارق حسابي؟,Cyberbullying,Impersonation,victim
دخلت اكونت تليجرام وهمي باسم جوري وقاعد أضحك على العالم,Cyberbullying,Impersonation,aggressor
اليوم كان يومي تعبان بالمدرسة، ارتحت يوم كلمتك يا صاحب الحساب الغريب,Grooming,Trust_Building,victim
طيب كيف اشكرك على البطاقة؟ انت ما تعرفني الا من القروب,Grooming,Trust_Building,victim
أخذت باسورد غلا ب منصة مدرستي وقاعد أرسل رسايل لناس ثانيين,Cyberbullying,Impersonation,aggressor
ليش كل ما ارسل فويس يقلدونه؟ خلاص بكتب بس,Cyberbullying,Denigration_Humiliation,victim
يا شباب انتبهوا من أي رسالة تجيكم من حساب ب ديسكورد يحمل اسمي تكفون,Cyberbullying,Impersonation,victim
سويت نفس اسم نواف وصورته ب انستا وقاعد أرد على المدرسين,Cyberbullying,Impersonation,aggressor
كل ما تجي تجلس معنا نطلع ههههه شفتوا وجهها؟,Cyberbullying,Denigration_Humiliation,aggressor
انتي من اي صف؟ عشان اساعدك بالمنهج، انا مريت عليه,Grooming,Trust_Building,aggressor
صدق عمرك 23؟ واتابعك من زمان وما دريت انك كبير,Grooming,Trust_Building,victim
انت غريب بس احس اني ارتاح لك,Grooming,Trust_Building,victim
أخذت اكونت قروب المدرسة وهمي باسم ريماس وقاعد أضحك على العالم,Cyberbullying,Impersonation,aggressor
كيف أحمي حسابي من السرقة والانتحال بلعبة ماينكرافت؟,Cyberbullying,Impersonation,victim
ماما سوت كبسة دجاج اليوم تفتح النفس بالعافية علينا هههه,Normal,Normal,none
ما شفتك ابد بس كلامك ان الشكل مو مهم ريحني,Grooming,Trust_Building,victim
يعني انت بالجامعة وتتابع فيديوهاتي؟ ههه شكرا,Grooming,Trust_Building,victim
كيف أبلغ إدارة منصة مدرستي عن شخص منتحل شخصيتي وسارق حسابي؟,Cyberbullying,Impersonation,victim
تكفون احذفوا صورتي من الزواج، امي زعلت,Cyberbullying,Denigration_Humiliation,victim
مبروك الفوز يا رهف لعبت اليوم بمستوى بطل,Normal,Normal,none
انا اعرف اني العب سيء بس ليش تفشلوني قدام الكل,Cyberbullying,Denigration_Humiliation,victim
انا من قروب الرسم بس حبيت اكلمك بالخاص، رسمك عجبني,Grooming,Trust_Building,aggressor
سويت نفس اسم نواف وصورته ب سناب وقاعد أرد على المدرسين,Cyberbullying,Impersonation,aggressor
خلونا نخلي الكل يحط ايموجي على كل ستوري لها,Cyberbullying,Denigration_Humiliation,aggressor
خلونا نسوي تصويت: مين اثقل دم بالفصل؟ اكيد هي,Cyberbullying,Denigration_Humiliation,aggressor
واحد بالسناب يقول انه يعرفني من زمان,Grooming,Trust_Building,victim
صورتها قبل التقويم حطوها بالقروب يا بنات,Cyberbullying,Denigration_Humiliation,aggressor
خلونا نسوي ستيكرات من صور هند، كل صورة اضحك من الثانية,Cyberbullying,Denigration_Humiliation,aggressor
قاعد ألعب بلعبة تيك توك واسمي نفسي تركي عشان يظنونه هو,Cyberbullying,Impersonation,aggressor
ياخي ما توقعت احد ما يعرفني يتذكر اسم فريقي,Grooming,Trust_Building,victim
شوفوا خطه بالدفتر، كأن دجاجة كتبت ههههه,Cyberbullying,Denigration_Humiliation,aggressor
كتبت تعليق مسيء ب تيك توك بحساب هديل والكل صدق,Cyberbullying,Impersonation,aggressor
اليوم الأحد ودايم يكون ثقيل ومتعب أول الأسبوع شكرا,Normal,Normal,none
صح انا صغيرة بس احب اسولف مع ناس اكبر مني مثلك,Grooming,Trust_Building,victim
يا خالتي الحساب اللي ب تيك توك اللي يسب مو انا والله,Cyberbullying,Impersonation,victim
يا شباب مين يلعب معي دوبلز في روبلوكس؟,Normal,Normal,none
ليش حطيتوا على صورتي؟ وش ذنبي,Cyberbullying,Denigration_Humiliation,victim
ما اعرفك برا ديسكورد بس انت اكثر واحد يسمعني لما اتكلم عن ابوي,Grooming,Trust_Building,victim
كيف أتعلم الرسم الرقمي بالآيباد,Normal,Normal,none
ما ادري ليش ارتحت لك، توني شايف حسابك امس,Grooming,Trust_Building,aggressor
خلاص ما برقص بالتيك توك، الكل قال اني مكهرب,Cyberbullying,Denigration_Humiliation,victim
هههه جلدتكم كلكم في روبلوكس المرة هذه لا تعيدونها,Normal,Normal,none
أنا وفيصل قاعدين نبني بيت كبير في ماينكرافت تعالوا شوفوه,Normal,Normal,none
والله مو أنا اللي كتبت الكلام هذاك ب فورتنايت هذاك اكونت مزيف,Cyberbullying,Impersonation,victim
يا أستاذ ترى فيه شخص مسوي نفسه أنا بقروب سناب ويغلط,Cyberbullying,Impersonation,victim
ما ادري ليه احد ما يعرفني يعطيني بطاقة شحن بس فرحت,Grooming,Trust_Building,victim
وشلحل لو واحد دخل حسابي ولعب بحسابي بلعبة روبلوكس؟,Cyberbullying,Impersonation,victim
"كتبت بالقروب ""اللي يجلس جنبه يفقد نص عقله"" ههههه",Cyberbullying,Denigration_Humiliation,aggressor
انت اصلا ولا شي، صفر على الشمال,Cyberbullying,Denigration_Humiliation,aggressor
والله مو أنا اللي كتبت الكلام هذاك ب انستا هذاك اكونت مزيف تكفون,Cyberbullying,Impersonation,victim
ليش نزلتي مقطعي وانا اطيح؟ الكل صار يضحك علي بالمدرسة,Cyberbullying,Denigration_Humiliation,victim
ترى هو ما يعرف حتى يطلب من المطعم لحاله، دلوع,Cyberbullying,Denigration_Humiliation,aggressor
انتي ما تستحين تنزلين صورك بهالشكل؟,Cyberbullying,Denigration_Humiliation,aggressor
يا شباب سرقت جروب واتساب جديد وسميته على اسم هديل وأرسل نكت,Cyberbullying,Impersonation,aggressor
يا جماعة انا انسان ترى، ليش تتمسخرون كذا,Cyberbullying,Denigration_Humiliation,victim
"انا مو ""المهرج""، عندي اسم",Cyberbullying,Denigration_Humiliation,victim
اقسم بالله انها لابسة نفس الجزمة من سنتين ههههه,Cyberbullying,Denigration_Humiliation,aggressor
تعمدت أسوي حساب مزيف ب تويتر باسم نوف عشان أورطه,Cyberbullying,Impersonation,aggressor
تعمدت أسوي حساب مزيف ب واتساب باسم راشد عشان أورطه,Cyberbullying,Impersonation,aggressor
اوكي اقول لك وش فيني، بس انت ما تعرفني فبتسمعني بدون حكم صح؟,Grooming,Trust_Building,victim
يا أخوي الكبير وش رايك ب فورتنايت؟ ولدك يقول إنك كنت تحب الألعاب زمان هههه,Normal,Normal,none
اول مره اسولف مع احد ما اعرفه كذا كثير ههه,Grooming,Trust_Building,victim
يا بنات تعالوا اقرون رسالتها بالقروب، كلها اخطاء,Cyberbullying,Denigration_Humiliation,aggressor
يا عيال انتبهوا من الحساب اللي حاط صورتي تراه مو أنا,Cyberbullying,Impersonation,victim
"ليش طلعتوني من التيم وكتبتوا ""نوب"" بالشات؟ الكل شاف",Cyberbullying,Denigration_Humiliation,victim
لهجتك تضحك مره، تكلم عدل مثلنا,Cyberbullying,Denigration_Humiliation,aggressor
معلومات عن الحيوانات المهددة بالانقراض في السعودية,Normal,Normal,none
ما اعرفك بس كلامك خلاني ما ازعل لما خسرت,Grooming,Trust_Building,victim
أنا وأخوي الصغير قاعدين نرتب غرفتنا عشان ماما تفرح فينا والله,Normal,Normal,none
ليش صورتوا صحني بالحفلة؟ الكل صار يقول اني اكول,Cyberbullying,Denigration_Humiliation,victim
يا جماعة اكونتي ب تويتر مسروق وفيه شخص يكلم الناس بدلي,Cyberbullying,Impersonation,victim
ما اعرف كم عمرك بس انت اكبر مني اكيد، وطيب مره,Grooming,Trust_Building,victim
أفضل طريقة لانتحال شخصية مشهور ب فورتنايت عشان يتابعوني,Cyberbullying,Impersonation,aggressor
كيف ارد على اللي يتريقون على شكلي,Cyberbullying,Denigration_Humiliation,victim
ليه فيه ناس فاضية تسوي حسابات مزيفة بأسامينا في تويتر؟ تكفون,Cyberbullying,Impersonation,victim
انت كبير بس دايم تسألني عن رايي، احس اني مهم,Grooming,Trust_Building,victim
الكل يعرف انها تجامل الاستاذة عشان الدرجات، لحوسة,Cyberbullying,Denigration_Humiliation,aggressor
انتي تشبهيني لما كنت بعمرك، عشان كذا ارتحت لك,Grooming,Trust_Building,aggressor
يا عيال فيه واحد مسوي حساب وهمي ب قروب المدرسة باسمي ويسب العالم,Cyberbullying,Impersonation,victim
أحد سرق صورتي الشخصية ب فورتنايت وقاعد ينشر مقاطع تفشل,Cyberbullying,Impersonation,victim
يا بزر انت لسا تلعب بالالعاب ذي؟ فشلتنا,Cyberbullying,Denigration_Humiliation,aggressor
انا اسمي الحقيقي ما ابي اقوله، بس ارتحت اسولف معك,Grooming,Trust_Building,victim
كتبت تعليق مسيء ب ماينكرافت بحساب فهد والكل صدق,Cyberbullying,Impersonation,aggressor
مين يحب بيتزا جبنة؟ طلبت وحدة كبيرة لي ولأخواني هههه,Normal,Normal,none
ليش كتبتوا ان صوري من بنترست؟ انا صورتها,Cyberbullying,Denigration_Humiliation,victim
انتي عمرك 21 بس تحسين فيني لما اكون مضغوطة,Grooming,Trust_Building,victim
سويت نفس اسم تركي وصورته ب واتساب وقاعد أرد على المدرسين,Cyberbullying,Impersonation,aggressor
كيف اسوي فوتوشوب لوجه احد يضحك,Cyberbullying,Denigration_Humiliation,aggressor
كتبت تعليق مسيء ب ديسكورد بحساب مها والكل صدق,Cyberbullying,Impersonation,aggressor
بعطيك اشتراك سبوتيفاي، انت تحب الاغاني مثلي، توني لاقيك بس عادي,Grooming,Trust_Building,aggressor
مين يعرف طريقة استرجاع حساب تليجرام المسروق اللي يرسل خرابيط؟ تكفون,Cyberbullying,Impersonation,victim
دخلت لعبة تليجرام بشخصية فاطمة وقمت أطرد الناس,Cyberbullying,Impersonation,aggressor
ليش سويتي تحدي تقليدي؟ البنات كلهم سووه,Cyberbullying,Denigration_Humiliation,victim
كيف ارجع اثق بنفسي بعد ما تمسخروا علي,Cyberbullying,Denigration_Humiliation,victim
اليوم لعبنا كورة بالمدرسة وانطردنا من الساحة هههه شكرا,Normal,Normal,none
وش هالضحكة؟ كأنك حمار يضحك ههههههه,Cyberbullying,Denigration_Humiliation,aggressor
يا جماعة ترى سارة تجيب درجات بالغش، لا تصدقون انها شاطرة,Cyberbullying,Denigration_Humiliation,aggressor
احذف الميم اللي سويته عني الحين لو سمحت,Cyberbullying,Denigration_Humiliation,victim
انت تفهمني,Grooming,Trust_Building,victim
يا شباب انتبهوا من أي رسالة تجيكم من حساب ب تويتر يحمل اسمي,Cyberbullying,Impersonation,victim
كل يوم يجي متأخر لان امه ما تصحيه، دلوع امه ههههه,Cyberbullying,Denigration_Humiliation,aggressor
اوكي اصير صاحبتك بالسيرفر، انا اصلا ما اعرف احد فيه غيرك,Grooming,Trust_Building,victim
يا شباب أخذت جروب واتساب جديد وسميته على اسم محمد وأرسل نكت,Cyberbullying,Impersonation,aggressor
انتي من الانستا وتقولين ستايلي حلو؟ شكرا يا قلبي,Grooming,Trust_Building,victim
بعطيك ستيكرات خاصة صممتها، بس لانك اول وحدة تعلق عندي,Grooming,Trust_Building,aggressor
أمي طلبت مني أنزل البقالة أشتري خبز وراجع,Normal,Normal,none
انتي ليش تتكلمين؟ محد عطاك الكلمة يا ثقيلة,Cyberbullying,Denigration_Humiliation,aggressor
ما نعرف بعض بس حسيتك ولد طيب، تبي اعلمك تكتيكات؟,Grooming,Trust_Building,aggressor
انت تبي تكون مشهور؟ بوجهك ذا؟ ههههههه,Cyberbullying,Denigration_Humiliation,aggressor
توك تضيفني بالقيم وعطيتني سيف نادر؟ يا الله شكرا,Grooming,Trust_Building,victim
تكفون وقفوا الايموجيات ذي على كل ستوري,Cyberbullying,Denigration_Humiliation,victim
قاعد أصور الشاشة وأنا أنتحل شخصية عمر ب تليجرام بيموتون قهر,Cyberbullying,Impersonation,aggressor
جدول المذاكرة اليومية للاختبارات النهائية,Normal,Normal,none
ليش كتبتوا اسمي بقايمة اغبى طلاب؟ تكفون احذفوه,Cyberbullying,Denigration_Humiliation,victim
كسلان والله اليوم من المدرسة نومي كان قليل أمس شكرا,Normal,Normal,none
يا عيال فتحت حساب ب روبلوكس نفس صورة لين بالضبط ومحد درى,Cyberbullying,Impersonation,aggressor
يا شيخ اسلوبك بالكتابة حلو، اكيد تقرا كثير، كم عمرك؟,Grooming,Trust_Building,aggressor
ياخي رهيب لما سرقت حساب ب منصة مدرستي باسم سارة وأسوي مشاكل,Cyberbullying,Impersonation,aggressor
انا حطيت سكرين لتعليقها الغبي بقروب البنات,Cyberbullying,Denigration_Humiliation,aggressor
يا ربي زهقت من الحسابات الوهمية اللي باسمي في ديسكورد,Cyberbullying,Impersonation,victim
كل ما ادخل القيم ادورك، انت صرت احسن واحد العب معه,Grooming,Trust_Building,aggressor
أنا ومنيرة قاعدين نبني بيت كبير في ماينكرافت تعالوا شوفوه,Normal,Normal,none
يا ليت كل الناس بالنت زيك، انت غير,Grooming,Trust_Building,victim
خلوه يتكلم بالكول، نبي نضحك على صوته ههههه,Cyberbullying,Denigration_Humiliation,aggressor
يا شباب أخذت جروب واتساب جديد وسميته على اسم جود وأرسل نكت,Cyberbullying,Impersonation,aggressor
أخذت باسورد سعود ب ديسكورد وقاعد أرسل رسايل لناس ثانيين,Cyberbullying,Impersonation,aggressor
يا أستاذ ترى فيه شخص مسوي نفسه أنا بقروب ماينكرافت ويغلط تكفون,Cyberbullying,Impersonation,victim
دخلت لعبة تويتر بشخصية جود وقمت أطرد الناس,Cyberbullying,Impersonation,aggressor
"يا بنات تعرفون وش لقبها بالصف الثاني؟ ""الدبدوبة""",Cyberbullying,Denigration_Humiliation,aggressor
يا عيال سوينا حساب ب انستا نفس صورة تركي بالضبط ومحد درى,Cyberbullying,Impersonation,aggressor
انتي اول بنت اشوفها بعمرك تفهم بالكورة كذا,Grooming,Trust_Building,aggressor
انت من البث وعطيتني اشتراك؟ مره شكرا، ما توقعت,Grooming,Trust_Building,victim
"كتبت تحت صورتها ""اول مرة اشوف بطريق يتصور"" ههه",Cyberbullying,Denigration_Humiliation,aggressor
انت كم عمرك؟ عشان اعرف اي سيرفر يناسبك، انا اعرف كثير,Grooming,Trust_Building,aggressor
يا خالتي الحساب اللي ب تويتر اللي يسب مو انا والله,Cyberbullying,Impersonation,victim
اليوم لعبنا كورة بالمدرسة وانطردنا من الساحة هههه صحيح,Normal,Normal,none
تكفون يا عيال اعملوا بلاغ على الحساب المزيف اللي باسمي ب قروب المدرسة,Cyberbullying,Impersonation,victim
انا ما عندي احد اسولف معه بس انت توني لاقيك وارتحت,Grooming,Trust_Building,aggressor
يا عيال دخلت حساب ب قروب المدرسة نفس صورة فاطمة بالضبط ومحد درى,Cyberbullying,Impersonation,aggressor
كيف أقدر أحذف حساب وهمي ب تليجرام منتحل شخصيتي؟,Cyberbullying,Impersonation,victim
شوفوا صورته بالكشتة، شكله مثل اللي ضايع,Cyberbullying,Denigration_Humiliation,aggressor
أمي شافت رسائل ب سناب مفكرة إني أنا اللي كاتبها وهي مو مني,Cyberbullying,Impersonation,victim
انت كبير وتعرف تتكلم عن كل شي، صرت احب سوالفك اونلاين,Grooming,Trust_Building,victim
تدري انك اول واحد من فورتنايت يمدح لعبي,Grooming,Trust_Building,victim
انا 14 بس اعرف العب احسن من الكبار، تعال وانا اعلمك,Grooming,Trust_Building,aggressor
كلام يكسر ثقة احد بنفسه,Cyberbullying,Denigration_Humiliation,aggressor
كتبت تعليق مسيء ب ماينكرافت بحساب ديم والكل صدق,Cyberbullying,Impersonation,aggressor
كيف اخلي احد يثق فيني بسرعة بالنت,Grooming,Trust_Building,aggressor
ما اعرفك بس فرحت لما قلت اني بصير لاعب مشهور,Grooming,Trust_Building,victim
انا ما ابي اكون بفريقكم، كل مرة تقولون اني اخسركم,Cyberbullying,Denigration_Humiliation,victim
"ليش سميتوني ""المملة""؟ انا احاول اسولف",Cyberbullying,Denigration_Humiliation,victim
يا عمري انتي بالرابع؟ وتكتبين كذا؟ ابداع,Grooming,Trust_Building,aggressor
ما ادري ليه شخص كبير مثلك يهتم برسوماتي بس فرحت,Grooming,Trust_Building,victim
ليه بعض العيال يسوون حسابات بأسماءنا ويسببون لنا مشاكل ب روبلوكس؟,Cyberbullying,Impersonation,victim
انا عادة ما اكلم احد بس انت عجبتني من البث,Grooming,Trust_Building,aggressor
قاعد ألعب بلعبة روبلوكس واسمي نفسي فاطمة عشان يظنونه هو,Cyberbullying,Impersonation,aggressor
انتي بالصف كم؟ ههه انا ثالث متوسط، نفس قدك تقريبا,Grooming,Trust_Building,aggressor
شكرا انك حطيت لايك على كل صوري، مين انت يعني؟,Grooming,Trust_Building,victim
حطيت الصورة اللي طاح فيها بالمسبح، صارت ترند بالقروب,Cyberbullying,Denigration_Humiliation,aggressor
يا شباب هالنوب حط سكن غالي وما يعرف يلعب,Cyberbullying,Denigration_Humiliation,aggressor
يا ربي زهقت من الحسابات الوهمية اللي باسمي في قروب المدرسة,Cyberbullying,Impersonation,victim
اليوم لعبنا كورة بالمدرسة وانطردنا من الساحة هههه,Normal,Normal,none
بعطيك فيبكس كل ما تفوز معي، اتفقنا؟,Grooming,Trust_Building,aggressor
انا متابعتك من زمان بس اول مرة اكلمك، انتي حلوة بالمحتوى,Grooming,Trust_Building,aggressor
نزلت مقطع الحفلة اللي غنت فيه نشاز، تعليقات تموت ضحك,Cyberbullying,Denigration_Humiliation,aggressor
أنا اللي كلمت الشباب ب تليجرام مسوي نفسي نواف هههههه,Cyberbullying,Impersonation,aggressor
فزت على أختي ب ببجي وقعدت تصيح تبي تعيد القيم هههه,Normal,Normal,none
ياخي انت اول واحد من التعليقات يكلمني كأننا اصحاب من زمان,Grooming,Trust_Building,victim
يا ولد عمي الله يعطيك العافية على الهدية الجميلة مره انبسطت عليها,Normal,Normal,none
يا جماعة شوفوا وش كتب بالامتحان، سكرين من دفتره ههه,Cyberbullying,Denigration_Humiliation,aggressor
انت عمرك 26 بس تعرف كل الميمز ههه,Grooming,Trust_Building,victim
عمرك 19؟ يعني بالجامعة؟ وتسولف مع وحدة بسادس؟ ههه حلو,Grooming,Trust_Building,victim
بعطيك هدية كل جمعة، اعتبرها عيدية من صاحبك الجديد,Grooming,Trust_Building,aggressor
الجو برا اليوم غبار شوي بس الهواء عليل والله,Normal,Normal,none
مبروك الفوز يا سلطان لعبت اليوم بمستوى بطل,Normal,Normal,none
ترى البنت ذي ما يدخل بيتهم احد، اكيد بيتهم شين,Cyberbullying,Denigration_Humiliation,aggressor
تكفون انا ابي انسى المقطع، لا ترسلونه لي,Cyberbullying,Denigration_Humiliation,victim
"ليش كتبتي عني ""اثقل بنت بالمدرسة""؟ احذفيه",Cyberbullying,Denigration_Humiliation,victim
أخذت باسورد عمر ب واتساب وقاعد أرسل رسايل لناس ثانيين,Cyberbullying,Impersonation,aggressor
يا عيال مين يبي نلعب تيم دات ماتش في ماينكرافت؟,Normal,Normal,none
انت ولد هادي وطيب، ما يشبه العيال اللي بالسيرفر,Grooming,Trust_Building,aggressor
"خلونا نسمي هالبنت ""ام النظارة"" بالقروب",Cyberbullying,Denigration_Humiliation,aggressor
يا نوب,Cyberbullying,Denigration_Humiliation,aggressor
يا عمري انت صغير مره، بس لعبك مو صغير ابد,Grooming,Trust_Building,aggressor
ماما سوت فطاير دجاج اليوم تفتح النفس بالعافية علينا والله,Normal,Normal,none
يا جماعة اكونتي ب ببجي مسروق وفيه شخص يكلم الناس بدلي,Cyberbullying,Impersonation,victim
أذن العشاء بروح أصلي في المسجد وراجع لكم,Normal,Normal,none
تكفون لا تقلدون مشيتي، انا ما اقدر امشي غير كذا,Cyberbullying,Denigration_Humiliation,victim
ليش كل ما احط ستوري تسوون منه ميم؟,Cyberbullying,Denigration_Humiliation,victim
تعمدت أسوي حساب مزيف ب تويتر باسم شهد عشان أورطه,Cyberbullying,Impersonation,aggressor
ليه بعض العيال يسوون حسابات بأسماءنا ويسببون لنا مشاكل ب ببجي؟,Cyberbullying,Impersonation,victim
شوفي تعليقات مقطعك، كلها تتمسخر فضيحة,Cyberbullying,Denigration_Humiliation,aggressor
انت عمرك 11؟ وتعرف تسوي مونتاج؟ ابداع والله,Grooming,Trust_Building,aggressor
انت كبير بالعمر بس تفهم بالانمي زيي ههه,Grooming,Trust_Building,victim
ماما سوت مندي دجاج اليوم تفتح النفس بالعافية علينا والله,Normal,Normal,none
شوفوا البث حقه، 2 مشاهدين وهو يتكلم كأنه مشهور,Cyberbullying,Denigration_Humiliation,aggressor
يا عيال مين خلص مشروع العلوم حق الأستاذ أحمد؟ هههه,Normal,Normal,none
خلصت الغداء وقاعد أتفرج على كرتون قديم,Normal,Normal,none
ماما سوت مكرونة دجاج اليوم تفتح النفس بالعافية علينا والله,Normal,Normal,none
الله يجزاك خير يا بنت عمي ما قصرت معي والله يطول بعمرك,Normal,Normal,none
انتي تحبين الطبخ؟ انا بعد! كم عمرك؟ نسوي وصفات سوا اونلاين,Grooming,Trust_Building,aggressor
قاعد أصور الشاشة وأنا أنتحل شخصية بندر ب سناب بيموتون قهر,Cyberbullying,Impersonation,aggressor
شوفوا الصورة اللي عيونها مسكرة فيها، يضحك والله,Cyberbullying,Denigration_Humiliation,aggressor
يا عمتي تكفا علمني كيف أحل المسألة هذه بالرياضيات تعبت وانا افكر فيها,Normal,Normal,none
دخلت لعبة ماينكرافت بشخصية ناصر وقمت أطرد الناس,Cyberbullying,Impersonation,aggressor
حلو انك تساعدني بالبرمجة، انت مبرمج كبير وانا بس عمري 13,Grooming,Trust_Building,victim
قاعد ألعب بلعبة فورتنايت واسمي نفسي رغد عشان يظنونه هو,Cyberbullying,Impersonation,aggressor
البنت ذي تحسب حالها شاعرة، قصيدتها ولا فيها وزن,Cyberbullying,Denigration_Humiliation,aggressor
"كتبت بالتعليقات ""فلتر الكلب احلى من وجهك"" ههه",Cyberbullying,Denigration_Humiliation,aggressor
توك تعرفني وتقول اني موهوبة بالرسم؟ شكرا,Grooming,Trust_Building,victim
هلا بالحلو، شفت كومنتك بقناتي، كم عمرك؟ تبي تصير من فريقي,Grooming,Trust_Building,aggressor
مبسوط والله اليوم من المدرسة نومي كان قليل أمس صحيح,Normal,Normal,none
ارسلت لك طلب صداقة باللعبة، اقبله وبعطيك هدية,Grooming,Trust_Building,aggressor
كتبت فيها بوست كامل بالتويتر عن غبائها,Cyberbullying,Denigration_Humiliation,aggressor
يا ماما البنات يقولون شعري مثل المكنسة,Cyberbullying,Denigration_Humiliation,victim
مبروك الفوز يا مريم لعبت اليوم بمستوى بطل,Normal,Normal,none
خلاص فهمت اني فاشل، لا تعيدونها كل يوم,Cyberbullying,Denigration_Humiliation,victim
ترى ترى ما تصدقون، يقولون اهله طردوه من البيت ههه,Cyberbullying,Denigration_Humiliation,aggressor
شوفوا ضرسه الطايح ههههههه صوروه وهو يضحك,Cyberbullying,Denigration_Humiliation,aggressor
انتي ترسمين ديجيتال؟ بعطيك برامج مدفوعة ببلاش، انتي تستاهلين,Grooming,Trust_Building,aggressor
البنت ذي ما تعرف تركب جملة، اسمعوا الفويس,Cyberbullying,Denigration_Humiliation,aggressor
أبوي جاب لنا بطيخ بارد يبرد على القلب بهالجو الحار شكرا,Normal,Normal,none
ليش تقولون محد يبي يجلس جنبي؟ انا اسمع كلامكم,Cyberbullying,Denigration_Humiliation,victim
شخص باللعبة يبي يعلمني ويدربني كل يوم,Grooming,Trust_Building,victim
انت اللي ساعدتني بالماب امس؟ مشكور مره يا غريب,Grooming,Trust_Building,victim
الجو برا اليوم غبار شوي بس الهواء عليل هههه,Normal,Normal,none
شكرا على الكلام عن مقطعي يا عم، ما توقعت احد كبير يشوفه,Grooming,Trust_Building,victim
ساعدوني يا شباب ايش أساوي لو واحد فتح حساب باسمي ب انستا؟,Cyberbullying,Impersonation,victim
يا عيال فيه واحد مسوي حساب وهمي ب روبلوكس باسمي ويسب العالم,Cyberbullying,Impersonation,victim
انت ذوقك نفس ذوقي بالاغاني! غريبة اني لقيتك بالتيك توك,Grooming,Trust_Building,victim
أنا مره خايف من اختبار الالرياضيات بكرة دعواتكم لي صحيح,Normal,Normal,none
ترى تقول انها رحت باريس، الصور مسروقة من بنترست ههه,Cyberbullying,Denigration_Humiliation,aggressor
يا ربي شكلها بالحجاب مثل الخيمة ههههه,Cyberbullying,Denigration_Humiliation,aggressor
أمي شافت رسائل ب سناب مفكرة إني أنا اللي كاتبها وهي مو مني تكفون,Cyberbullying,Impersonation,victim
"حطيت صوره قبل وبعد وكتبت ""الفرق واضح"" ههه",Cyberbullying,Denigration_Humiliation,aggressor
أمي شافت رسائل ب تليجرام مفكرة إني أنا اللي كاتبها وهي مو مني,Cyberbullying,Impersonation,victim
انتي من سيرفر روبلوكس وتقولين بتعلميني المكياج باللعبة؟ ههه,Grooming,Trust_Building,victim
رسومات سهلة للاطفال خطوة بخطوة للمبتدئين,Normal,Normal,none
انتي ليش ما عندك متابعين كثير؟ تستاهلين، انا بدعمك من اليوم,Grooming,Trust_Building,aggressor
ماما سوت مندي دجاج اليوم تفتح النفس بالعافية علينا شكرا,Normal,Normal,none
أنا اللي فتحت حساب تركي ب تيك توك وقعدت أكلم صاحبه,Cyberbullying,Impersonation,aggressor
نسخت بوستات خالد ونشرتها بحسابي الوهمي ب سناب,Cyberbullying,Impersonation,aggressor
طريقة حذف ستيكر فيه وجهي بالواتساب,Cyberbullying,Denigration_Humiliation,victim
انت اكبر مني بعشر سنين بس احس سوالفك حلوة,Grooming,Trust_Building,victim
يا جماعة لا تحطونه بالتيم، يخسرنا كل مرة ههه,Cyberbullying,Denigration_Humiliation,aggressor
ما اعرفك الا بالاسم بس احسك صاحبي من سنين,Grooming,Trust_Building,victim
وجهك كنه صامولي محروق بس يلا نمشيها لك هههههه,Normal,Normal,none
انت تقول اني ناضجة اكثر من عمري؟ اول مره احد من النت يقولها,Grooming,Trust_Building,victim
يا عيال عملت حساب ب سناب نفس صورة عمر بالضبط ومحد درى,Cyberbullying,Impersonation,aggressor
يا حلو انت تقرا مانجا؟ انا عندي مكتبة، بعطيك، كم عمرك؟,Grooming,Trust_Building,aggressor
"يا بنات خلونا نسميها ""ام الحواجب"" من اليوم",Cyberbullying,Denigration_Humiliation,aggressor
مبروك الفوز يا عمر لعبت اليوم بمستوى بطل,Normal,Normal,none
تكفون احذفوا الميم اللي فيه وجهي من الديسكورد,Cyberbullying,Denigration_Humiliation,victim
اليوم الأحد ودايم يكون ثقيل ومتعب أول الأسبوع هههه,Normal,Normal,none
شوفوا صورته بالبدلة الرياضية، مثل البالون,Cyberbullying,Denigration_Humiliation,aggressor
شخص بالنت يعطيني روبكس كل يوم وش يبي,Grooming,Trust_Building,victim
توني اتعرف عليك بالتيك توك وتقول فيديوهاتي حلوة؟ شكرا,Grooming,Trust_Building,victim
ما اعرفك بس حبيت انك تتذكر اسمي كل مره,Grooming,Trust_Building,victim
انتي ما شاء الله عليك، بنت صغيرة وتحفظين كذا؟,Grooming,Trust_Building,aggressor
خذ رصيد اشحن جوالك، انت ما تعرفني بس انا كذا,Grooming,Trust_Building,aggressor
ليه فيه ناس فاضية تسوي حسابات مزيفة بأسامينا في قروب المدرسة؟,Cyberbullying,Impersonation,victim
انت قلت انك مبرمج بشركة كبيرة؟ ودي اصير زيك، علمني,Grooming,Trust_Building,victim
أنا اللي فتحت حساب شهد ب انستا وقعدت أكلم صاحبه,Cyberbullying,Impersonation,aggressor
نعسان والله اليوم من المدرسة نومي كان قليل أمس صحيح,Normal,Normal,none
حتى بالفلتر ما تحلين,Cyberbullying,Denigration_Humiliation,aggressor
ماما سوت مندي دجاج اليوم تفتح النفس بالعافية علينا,Normal,Normal,none
حتى صاحبي القديم صار يضحك معهم علي,Cyberbullying,Denigration_Humiliation,victim
"كتبت تحت مقطعه ""اكثر مقطع ممل بالتاريخ"" وكل الشباب لايك",Cyberbullying,Denigration_Humiliation,aggressor
يا حلوة تعليقك عند المصممة عجبني، انتي تصممين بعد؟,Grooming,Trust_Building,aggressor
هههه مسوي فاهم وأنت ما دريت وين الأرض طايحة فيه يا صاحبي,Normal,Normal,none
انت كبير وتقول ان كتابتي احسن من كتاب كثير؟ واو,Grooming,Trust_Building,victim
أخوي أهداني شدات في فيفا عشان فزت عليه بالبلايستيشن,Normal,Normal,none
ساعدوني يا شباب ايش أساوي لو واحد فتح حساب باسمي ب تليجرام؟,Cyberbullying,Impersonation,victim
أخذت باسورد خالد ب تويتر وقاعد أرسل رسايل لناس ثانيين,Cyberbullying,Impersonation,aggressor
بححث عن طريقة أسوي حساب وهمي ب روبلوكس بدون رقم ههههه,Cyberbullying,Impersonation,aggressor
بكره عندنا اختبار فقه لازم أنام بدري عشان أصصح مركز صحيح,Normal,Normal,none
يا عمري انت صغير بس تتكلم مثل الكبار، عجبتني,Grooming,Trust_Building,aggressor
يا جماعة صورته بالحج وهو صغير، شكله مضحك مره,Cyberbullying,Denigration_Humiliation,aggressor
صورت سندويشتها، شكلها بايتة من امس ههه,Cyberbullying,Denigration_Humiliation,aggressor
تقول اني ناضجة ومو زي البنات بعمري؟ ههه انت ما تعرفني بس يمكن,Grooming,Trust_Building,victim
بنت من النت تقول انها اختي الكبيرة,Grooming,Trust_Building,victim
بزر وتبي تلعب معنا؟ روح عند امك,Cyberbullying,Denigration_Humiliation,aggressor
دخلت لعبة ماينكرافت بشخصية هديل وقمت أطرد الناس ههههه,Cyberbullying,Impersonation,aggressor
قاعد ألعب بلعبة تليجرام واسمي نفسي فهد عشان يظنونه هو,Cyberbullying,Impersonation,aggressor
ما تعرفني بس قريت قصتك بالواتباد، انتي موهوبة مره,Grooming,Trust_Building,aggressor
يا خالتي الله يعطيك العافية على الهدية الجميلة مره انبسطت عليها,Normal,Normal,none
ياخي رهيب لما عملت حساب ب انستا باسم راشد وأسوي مشاكل,Cyberbullying,Impersonation,aggressor
انت اللي بالسيرفر عطيتني رتبة؟ يا شيخ شكرا,Grooming,Trust_Building,victim
نسخت اكونت ببجي وهمي باسم جوري وقاعد أضحك على العالم,Cyberbullying,Impersonation,aggressor
أخذت باسورد حور ب منصة مدرستي وقاعد أرسل رسايل لناس ثانيين,Cyberbullying,Impersonation,aggressor
ياخي رهيب لما دخلت حساب ب روبلوكس باسم سلطان وأسوي مشاكل,Cyberbullying,Impersonation,aggressor
صرت انتظر تعليقاتك كل يوم ههه مع اني ما شفتك ابد,Grooming,Trust_Building,victim
شكرا يا ستايل على الكلام الحلو من وين انت؟ ما شفت حسابك قبل,Grooming,Trust_Building,victim
خلصت الغداء وقاعد أتفرج على كرتون قديم صحيح,Normal,Normal,none
يا عمري عليها تحسب الكل يحبها، الكل يتمسخر عليها بالخاص,Cyberbullying,Denigration_Humiliation,aggressor
انت شاطر بالانجليزي؟ انا بعطيك دروس ببلاش بس كلمني,Grooming,Trust_Building,aggressor
يا قلبي انتي صغيرة مره، بس سوالفك تضحك، خلينا صديقات,Grooming,Trust_Building,aggressor
ليش تقولون لبسي من محل الجملة؟ هذا اللي عجبني,Cyberbullying,Denigration_Humiliation,victim
يا عيال مين يدخل معي قيم فيفا الحين,Normal,Normal,none
والله مو أنا اللي كتبت الكلام هذاك ب تليجرام هذاك اكونت مزيف,Cyberbullying,Impersonation,victim
هل عادي اكلم شخص اكبر مني بالنت,Grooming,Trust_Building,victim
خلصت الواجبات وبطلع العب مع الشباب بالحوش شوي والله,Normal,Normal,none
أنا اللي فتحت حساب ديم ب منصة مدرستي وقعدت أكلم صاحبه,Cyberbullying,Impersonation,aggressor
انت شخص مميز، ما شفت احد بعمرك يلعب كذا,Grooming,Trust_Building,aggressor
صدق عمرك 24؟ بس احسك تفهمني اكثر من اللي بعمري,Grooming,Trust_Building,victim
تعمدت أسوي حساب مزيف ب واتساب باسم فاطمة عشان أورطه,Cyberbullying,Impersonation,aggressor
ترى ترى الولد ذا يسوي نفسه قوي بس اخوي الصغير ضربه,Cyberbullying,Denigration_Humiliation,aggressor
ترى فلانة تقلدنا بكل شي، شنطتها تقليد ههه,Cyberbullying,Denigration_Humiliation,aggressor
صورت ريم وهي تبكي بالحصة، بنزلها بالستوري الحين,Cyberbullying,Denigration_Humiliation,aggressor
انت تعرف كل شي عن الانمي! حلو اني لقيتك بالديسكورد,Grooming,Trust_Building,victim
انتي تحسبين نفسك حلوة؟ اسألي القروب وش يقولون عنك,Cyberbullying,Denigration_Humiliation,aggressor
انت ولد نشيط، كل يوم داخل القيم، صرت انتظرك,Grooming,Trust_Building,aggressor
هذا الولد اسمر مره كأنه محروق ههههه,Cyberbullying,Denigration_Humiliation,aggressor
انا ما احب اكلم احد بس انت شخص غير، توني متعرف عليك,Grooming,Trust_Building,aggressor
ليش حطيت سكرين خسارتي بالقروب؟ مو حلو منك,Cyberbullying,Denigration_Humiliation,victim
ما اعرفك الا من امس بس فرحت لما قلت اني موهوب,Grooming,Trust_Building,victim
قاعد أقرأ كتاب مغامرات جديد مره حلو وممتع والله,Normal,Normal,none
انا لاحظت انك دايم تشوفين ستورياتي، شكرا، تعالي نسولف,Grooming,Trust_Building,aggressor
كيف اجذب انتباه شخص بالتيك توك,Grooming,Trust_Building,aggressor
أنا سويت حساب مشابه ل غلا ب فورتنايت بحرف زايد عشان ما ينتبهون,Cyberbullying,Impersonation,aggressor
هل عادي اقبل طلب صداقة من شخص كبير,Grooming,Trust_Building,victim
انتي فنانة صدق، خليني اكون اول وحدة تشتري رسمتك، هدية مني,Grooming,Trust_Building,aggressor
انتي مبدعة، لو كنتي بعمري كان صرتي مشهورة، بساعدك تشتهرين,Grooming,Trust_Building,aggressor
ترى سمعت ان اخوه بالسجن، انتبهوا منه,Cyberbullying,Denigration_Humiliation,aggressor
شفت مقطعك وانت تطبخ، والله انك موهوب لولد بعمرك,Grooming,Trust_Building,aggressor
دخلت سيرفر واتساب مسوي نفسي فيصل وقمت أسب خوينا,Cyberbullying,Impersonation,aggressor
يمه البنات يقولون اني امشي مثل البطة بالعباية,Cyberbullying,Denigration_Humiliation,victim
انت عمرك 23 وتقول اني ناضج اكثر من اخوياك؟ ههه,Grooming,Trust_Building,victim
يا بنات حطوا ايموجي على صورتها,Cyberbullying,Denigration_Humiliation,aggressor
انت كبير وتعرف تصلح الجوالات؟ شكرا على المساعدة يا غريب,Grooming,Trust_Building,victim
شكلك يضحك,Cyberbullying,Denigration_Humiliation,aggressor
يا شيخ انت فاهم بالبرمجة وانت صغير؟ تعال اعلمك اكثر,Grooming,Trust_Building,aggressor
احس انك مختلف عن العيال اللي بعمرك، انت اذكى,Grooming,Trust_Building,aggressor
انتي احسن من بنات كثير اعرفهم بعمري، والله,Grooming,Trust_Building,aggressor
أنا مره خايف من اختبار الالإنقليزي بكرة دعواتكم لي,Normal,Normal,none
ليش نشرتوا اني ما اعرف اسبح؟ الكل صار يسألني,Cyberbullying,Denigration_Humiliation,victim
انا مو كذابة، رحت السفرة صدق,Cyberbullying,Denigration_Humiliation,victim
أنا منصدم واحد مسوي حساب ب تيك توك بنفس صورتي واسمي الثلاثي تكفون,Cyberbullying,Impersonation,victim
انا ما اعرفك الا من هنا بس احس انك شخص اثق فيه,Grooming,Trust_Building,aggressor
كيف اسوي تصويت مين اوحش واحد,Cyberbullying,Denigration_Humiliation,aggressor
نشروا عني اشاعة بالمدرسة وش اسوي,Cyberbullying,Denigration_Humiliation,victim
انت قلت انك مدرب بالنادي؟ وتقول اني موهوب؟ عرفتك من التيك توك,Grooming,Trust_Building,victim
يا جماعة اليوم الأستاذ عطانا واجب طويل الإنقليزي الله يعين والله,Normal,Normal,none
يا شيخ صوتك بالقيم يبين انك صغير، كم؟ لا تستحي,Grooming,Trust_Building,aggressor
ما اعرفك الا من شهر بس صرت احس اني اقدر اقولك اشياء كثير,Grooming,Trust_Building,victim
كيف اتعامل مع اللي ينادوني نوب باللعبة,Cyberbullying,Denigration_Humiliation,victim
انت الوحيد اللي رد على سؤالي بالقروب، من وين انت؟,Grooming,Trust_Building,victim
كل ما تحتاج مساعدة باللعبة كلمني، انا اخوك الكبير من اليوم,Grooming,Trust_Building,aggressor
انت من النت بس اعطيتني نصيحة حلوة عن صاحبي,Grooming,Trust_Building,victim
انتي كبيرة بس تفهمين مشاكل البنات بعمري، كيف؟ عرفتك من التيك توك امس,Grooming,Trust_Building,victim
انا ما سرقت شي، من قال عني كذا؟,Cyberbullying,Denigration_Humiliation,victim
شفت تعليقك بالمنتدى، انت ولد عاقل، كم عمرك؟,Grooming,Trust_Building,aggressor
ياخي رهيب لما سوينا حساب ب تيك توك باسم خالد وأسوي مشاكل,Cyberbullying,Impersonation,aggressor
أنا اللي فتحت حساب راشد ب ببجي وقعدت أكلم صاحبه,Cyberbullying,Impersonation,aggressor
صدق حسابك ما فيه صور؟ بس عادي، سوالفك حلوة,Grooming,Trust_Building,victim
توي أدري إن فيه حساب ب انستا يقلد صوتي أو اسمي بالحرف,Cyberbullying,Impersonation,victim
سويت مقطع لها وهي تتكلم بالانجليزي غلط، اسمعوا ههه,Cyberbullying,Denigration_Humiliation,aggressor
اي كان يومي حلو، شكرا انك سألت مع انك ما تعرفني الا من الستوري,Grooming,Trust_Building,victim
انتي من القيم بس احسك اختي الكبيرة,Grooming,Trust_Building,victim
بشتري لك السكن اللي تبيه، بس كلمني كل يوم,Grooming,Trust_Building,aggressor
وانت كيف عرفت ان عيد ميلادي اليوم؟ شكرا على التهنئة يا الغريب,Grooming,Trust_Building,victim
ما اعرفك الا من صوتك بس كلامك عن الصلاة والاخلاق حلو,Grooming,Trust_Building,victim
انتي ما تشبهين احد، شخصيتك قوية لعمرك,Grooming,Trust_Building,aggressor
ليش واحد كبير يبي يلعب مع الصغار,Grooming,Trust_Building,victim
أذن العشاء بروح أصلي في المسجد وراجع لكم هههه,Normal,Normal,none
حلوة الهدية اللي بالتيك توك لايف شكرا يا الغريب,Grooming,Trust_Building,victim
عمرك 30؟ ههه عادي تراك مو كبير، سوالفك احلى من الشباب اللي بعمري,Grooming,Trust_Building,victim
أنا سويت حساب مشابه ل عبدالعزيز ب انستا بحرف زايد عشان ما ينتبهون,Cyberbullying,Impersonation,aggressor
انت احسن من اصحابي,Grooming,Trust_Building,victim
أمي شافت رسائل ب فورتنايت مفكرة إني أنا اللي كاتبها وهي مو مني,Cyberbullying,Impersonation,victim
انا مضحكة الفصل,Cyberbullying,Denigration_Humiliation,victim
وينك يا ماجد قاعد أستناك بالسيرفر صار لي ساعة,Normal,Normal,none
عمرك 26 بس انت احسن من عيال الفصل كلهم بالسوالف,Grooming,Trust_Building,victim
هل كل الناس اللي يعطون هدايا بالنت طيبين,Grooming,Trust_Building,victim
اوكي اكلمك بكره بعد المدرسة، تعرفت عليك امس بس كأني اعرفك,Grooming,Trust_Building,victim
"كتبت عنها بالسبورة الالكترونية ""ملكة الغباء"" ههههه",Cyberbullying,Denigration_Humiliation,aggressor
صدق انت شايف اني ناضجة اكثر من عمري؟ حتى وانت ما تعرفني؟,Grooming,Trust_Building,victim
صدق انت شايف اني العب احسن من البنات؟ انت من وين تعرفني,Grooming,Trust_Building,victim
كم عمرك؟ ههه لا تخاف، انا بس ابي اعرف عشان العب معك صح,Grooming,Trust_Building,aggressor
يوم الخميس الجوي بيكون روعة بنطلع نكشت بالبر والله,Normal,Normal,none
انا اعتبرك صديقتي المقربة بالنت، حتى لو ما شفنا بعض,Grooming,Trust_Building,aggressor
يا ثقيل الدم دايم تأخرنا على الطلعة بس نمون عليك هههه,Normal,Normal,none
كل عام وأنت بخير يا خالي وعساك من عواده وتقبل الله طاعتك,Normal,Normal,none
واحد ما اعرفه يمدحني كل يوم بالانستا,Grooming,Trust_Building,victim
ما تعرفني بس شفت انك زعلان بالستوري، وش فيك؟,Grooming,Trust_Building,aggressor
يا عيني على الكشخة، حتى الثوب يضحك عليك ههه,Cyberbullying,Denigration_Humiliation,aggressor
"سويت له لقب ""النوب الاسطوري"" بالسيرفر، الكل ينادونه فيه",Cyberbullying,Denigration_Humiliation,aggressor
شكرا يا اللي من القيم على الحماية، ما خليتهم يقتلوني,Grooming,Trust_Building,victim
واحد من التعليقات صار يكلمني كل يوم,Grooming,Trust_Building,victim
انت تحب الفضاء؟ نادر احد بعمرك يحبه، عندي مقاطع بعطيك,Grooming,Trust_Building,aggressor
انتي احسن متابعة عندي، دايم اول وحدة تعلق,Grooming,Trust_Building,aggressor
دخلت سيرفر روبلوكس مسوي نفسي لين وقمت أسب خوينا,Cyberbullying,Impersonation,aggressor
بعطيك هدية اذا جبتي درجة كاملة، اتفقنا يا صاحبتي من النت,Grooming,Trust_Building,aggressor
ليش حطيتي صوري قبل وبعد التقويم؟ هذي خصوصيتي,Cyberbullying,Denigration_Humiliation,victim
يعني انت 26 وتعرف كل اليوتيوبرز اللي احبهم؟ ههه,Grooming,Trust_Building,victim
ترى ترى ابوها ما يقدر يشتري لها لابتوب ههه,Cyberbullying,Denigration_Humiliation,aggressor
يا الدلوع روح اشتكي لامك ههه,Cyberbullying,Denigration_Humiliation,aggressor
يا عيال نسخت حساب ب ببجي نفس صورة لمى بالضبط ومحد درى ههههه,Cyberbullying,Impersonation,aggressor
انت كبير بالعمر بس تحب ماريو زيي ههه,Grooming,Trust_Building,victim
نزلت التسجيل وهي تغني بالسيارة، صوتها مثل المنشار,Cyberbullying,Denigration_Humiliation,aggressor
شوفوا شعرها بالحفلة، كأنها طالعة من النوم ههههه,Cyberbullying,Denigration_Humiliation,aggressor
سوينا اكونت فورتنايت وهمي باسم رغد وقاعد أضحك على العالم,Cyberbullying,Impersonation,aggressor
اوكي اقولك اسم القطوة حقتي، بس انت ما تعرفني فلا تضحك,Grooming,Trust_Building,victim
يا شباب انتبهوا من أي رسالة تجيكم من حساب ب قروب المدرسة يحمل اسمي,Cyberbullying,Impersonation,victim
بعطيك هدية كل ما تدخل اللعبة، لانك صاحبي الجديد,Grooming,Trust_Building,aggressor
سويت نفس اسم نوف وصورته ب ماينكرافت وقاعد أرد على المدرسين,Cyberbullying,Impersonation,aggressor
احس اني ما اقدر اكلم احد بالقروب بعد اللي صار,Cyberbullying,Denigration_Humiliation,victim
شفتك بالسيرفر وانت ساكت، تعال العب معي، انا بساعدك,Grooming,Trust_Building,aggressor
يوتيوبر كبير رد علي وصار يكلمني,Grooming,Trust_Building,victim
كيف انزل مقطع لاحد بدون ما يعرف اني نزلته,Cyberbullying,Denigration_Humiliation,aggressor
يمه ابي اشتكي، الشباب سووا ميمز عني بالسيرفر,Cyberbullying,Denigration_Humiliation,victim
يا ليت الإجازة تبكره تعبنا من الدراسة والاختبارات والله,Normal,Normal,none
يا ولد انت اخوي الصغير من اليوم، اي شي تبيه قولي,Grooming,Trust_Building,aggressor
تكفون يا عيال اعملوا بلاغ على الحساب المزيف اللي باسمي ب واتساب,Cyberbullying,Impersonation,victim
أحد سرق صورتي الشخصية ب ماينكرافت وقاعد ينشر مقاطع تفشل,Cyberbullying,Impersonation,victim
شفت رسمك على الدفتر بالستوري، انت موهوب لعمرك,Grooming,Trust_Building,aggressor
يا عيال فيه واحد مسوي حساب وهمي ب منصة مدرستي باسمي ويسب العالم,Cyberbullying,Impersonation,victim
ماما سوت بيتزا دجاج اليوم تفتح النفس بالعافية علينا,Normal,Normal,none
ليش تحطون صوري بقروب الدفعة؟ انا ما اعرفهم,Cyberbullying,Denigration_Humiliation,victim
انا اشارك بالحصة لاني احب، مو عشان اسوي نفسي ذكية,Cyberbullying,Denigration_Humiliation,victim
شكلك بالصورة يضحك، حتى الكاميرا خافت منك,Cyberbullying,Denigration_Humiliation,aggressor
انتي ناضجة اكثر من بنات اختي اللي بعمرك، والله,Grooming,Trust_Building,aggressor
انت كبير صح؟ صوتك صوت رجال بس دمك خفيف,Grooming,Trust_Building,victim
انتي ما شاء الله فاهمة بالتصميم، كم عمرك؟ انا ابي اعلمك اكثر,Grooming,Trust_Building,aggressor
قاعد أصور الشاشة وأنا أنتحل شخصية مها ب ببجي بيموتون قهر,Cyberbullying,Impersonation,aggressor
يا ربي زهقت من الحسابات الوهمية اللي باسمي في واتساب,Cyberbullying,Impersonation,victim
احس اني كل ما اتكلم بالكلاس يصير وجهي احمر وهم يضحكون,Cyberbullying,Denigration_Humiliation,victim
الكل يضحك عليك,Cyberbullying,Denigration_Humiliation,aggressor
تكفون يا عيال اعملوا بلاغ على الحساب المزيف اللي باسمي ب ديسكورد,Cyberbullying,Impersonation,victim
طريقة كيف تنتحل شخصية صديقك ب انستا وتكلم أهله,Cyberbullying,Impersonation,aggressor
توي أدري إن فيه حساب ب ديسكورد يقلد صوتي أو اسمي بالحرف,Cyberbullying,Impersonation,victim
كتبت تعليق مسيء ب سناب بحساب صالح والكل صدق,Cyberbullying,Impersonation,aggressor
يا شباب دخلت جروب واتساب جديد وسميته على اسم ديم وأرسل نكت,Cyberbullying,Impersonation,aggressor
قسم بالله اللي يكلمكم ب انستا مو أنا هذا واحد كذاب,Cyberbullying,Impersonation,victim
انتي من البنات اللي بالسيرفر؟ ما شفتك قبل، كم عمرك؟,Grooming,Trust_Building,aggressor
شكرا على النقاط بالتطبيق، انت ما تعرفني بس كريم,Grooming,Trust_Building,victim
يا الدبة,Cyberbullying,Denigration_Humiliation,aggressor
ليه فيه ناس فاضية تسوي حسابات مزيفة بأسامينا في فورتنايت؟,Cyberbullying,Impersonation,victim
خلاص ما بدخل الكول، كل مرة يتمسخرون على صوتي,Cyberbullying,Denigration_Humiliation,victim
لا تشيل هم الدرجات، انا بساعدك بالواجب، حتى لو ما نعرف بعض,Grooming,Trust_Building,aggressor
كل عام وأنت بخير يا أختي الكبيرة وعساك من عواده وتقبل الله طاعتك,Normal,Normal,none
يا عيال مين يدخل معي قيم فورتنايت الحين,Normal,Normal,none
أمي شافت رسائل ب ببجي مفكرة إني أنا اللي كاتبها وهي مو مني,Cyberbullying,Impersonation,victim
شوفوا تيك توكها، رقصها مثل اللي ماسكه كهربا,Cyberbullying,Denigration_Humiliation,aggressor
أنا سويت حساب مشابه ل مها ب قروب المدرسة بحرف زايد عشان ما ينتبهون,Cyberbullying,Impersonation,aggressor
خذ هالسكن، توك جديد بالسيرفر وانا ابيك تبدأ صح,Grooming,Trust_Building,aggressor
يا شباب مين يلعب معي دوبلز في فيفا؟,Normal,Normal,none
خلوا كل واحد يكتب عيب فيه بالقروب، انا ابدأ: غبي,Cyberbullying,Denigration_Humiliation,aggressor
منو اللي يجلس جنب الدبة؟ مسكين ما عنده مكان ههههه,Cyberbullying,Denigration_Humiliation,aggressor
يا جماعة تعرفون مين اسوأ لاعب بالكلان؟ لا تشوفون هو,Cyberbullying,Denigration_Humiliation,aggressor
شكرا يا أختي الكبيرة على التوصيلة للمدرسة اليوم ريحتني الله يسعدك,Normal,Normal,none
ترى البنت ذي تسوي نفسها متدينة وهي تسمع اغاني ههه,Cyberbullying,Denigration_Humiliation,aggressor
حطوا اسمه بقايمة اغبى طلاب المدرسة,Cyberbullying,Denigration_Humiliation,aggressor
ليه فيه ناس فاضية تسوي حسابات مزيفة بأسامينا في ديسكورد؟ تكفون,Cyberbullying,Impersonation,victim
أمي شافت رسائل ب ديسكورد مفكرة إني أنا اللي كاتبها وهي مو مني,Cyberbullying,Impersonation,victim
أنا اللي كلمت الشباب ب تويتر مسوي نفسي رغد هههههه,Cyberbullying,Impersonation,aggressor
يا عيال دخلت حساب ب انستا نفس صورة مها بالضبط ومحد درى,Cyberbullying,Impersonation,aggressor
والله مو أنا اللي كتبت الكلام هذاك ب تليجرام هذاك اكونت مزيف تكفون,Cyberbullying,Impersonation,victim
كيف عمرك 22 وتلعب معي فلوب؟ لا تكذب ههههه بس عادي ارتحت لك,Grooming,Trust_Building,victim
انتي ستايلك يعطي جدة رايحة للسوق ههه,Cyberbullying,Denigration_Humiliation,aggressor
انتي احلى وحدة كلمتها بالنت مع ان عمرك ضعف عمري ههه,Grooming,Trust_Building,victim
كيف أبلغ إدارة تليجرام عن شخص منتحل شخصيتي وسارق حسابي؟ تكفون,Cyberbullying,Impersonation,victim
انت تستاهل سكن احسن من هذا، خذ هديتي يا صغير,Grooming,Trust_Building,aggressor
ليش علقتوا على صور اكلي؟ انا احب التصوير بس,Cyberbullying,Denigration_Humiliation,victim
صاحبة من الانستا عمرها 19 وانا 12,Grooming,Trust_Building,victim
ههه انا العب مع البنات بس انت اول ولد من النت اسولف معه,Grooming,Trust_Building,victim
ما اعرف اسمك بس كلامك بالشات ضحكني مره,Grooming,Trust_Building,victim
يا أستاذ ترى فيه شخص مسوي نفسه أنا بقروب منصة مدرستي ويغلط,Cyberbullying,Impersonation,victim
سويت تعديل لصورتها وكبرت انفها، الكل ضحك,Cyberbullying,Denigration_Humiliation,aggressor
الله يجزاك خير يا خالي ما قصرت معي والله يطول بعمرك,Normal,Normal,none
دخلت سيرفر تليجرام مسوي نفسي خالد وقمت أسب خوينا,Cyberbullying,Impersonation,aggressor
شكلك تحبين الانمي، انا بعد! كم عمرك عشان اعطيك انميات تناسبك,Grooming,Trust_Building,aggressor
ليش سويتوا لي لقب,Cyberbullying,Denigration_Humiliation,victim
"انا تعبت من الالقاب، اسمي محمد مو ""الدجاجة""",Cyberbullying,Denigration_Humiliation,victim
خلوها تجي الحفلة، نبي نضحك على لبسها,Cyberbullying,Denigration_Humiliation,aggressor
كيف احذف ميم فيه صورتي,Cyberbullying,Denigration_Humiliation,victim
انتي بنت ذكية، اللي بعمرك ما يفهمون نص كلامك,Grooming,Trust_Building,aggressor
انا عارف ان كودي فيه اخطاء، انا اتعلم,Cyberbullying,Denigration_Humiliation,victim
ما اعرف اسمك الحقيقي بس صرت انتظر رسايلك,Grooming,Trust_Building,victim
أنا اللي كلمت الشباب ب انستا مسوي نفسي عبدالعزيز هههههه ههههه,Cyberbullying,Impersonation,aggressor
شفتك تعلقين عن فرقتك المفضلة، انا عندي معلومات عنها ما احد يعرفها,Grooming,Trust_Building,aggressor
ليش سويتوا حساب عني بالانستا؟ كله استهزاء,Cyberbullying,Denigration_Humiliation,victim
مين اللي نشر اني رسبت؟ مو صحيح,Cyberbullying,Denigration_Humiliation,victim
أنا اللي كلمت الشباب ب واتساب مسوي نفسي ريماس هههههه,Cyberbullying,Impersonation,aggressor
أنا سويت حساب مشابه ل عبدالعزيز ب ديسكورد بحرف زايد عشان ما ينتبهون,Cyberbullying,Impersonation,aggressor
ودي اضيفك سناب بس ما اعرف اسمك الحقيقي,Grooming,Trust_Building,victim
أفضل طريقة لانتحال شخصية مشهور ب تويتر عشان يتابعوني,Cyberbullying,Impersonation,aggressor
انا مو اغبى واحد بالفصل، بس الرياضيات صعبة علي,Cyberbullying,Denigration_Humiliation,victim
بكره عندنا اختبار فقه لازم أنام بدري عشان أصصح مركز شكرا,Normal,Normal,none
يا بنت عمي الله يعطيك العافية على الهدية الجميلة مره انبسطت عليها,Normal,Normal,none
دخلت لعبة ماينكرافت بشخصية فاطمة وقمت أطرد الناس,Cyberbullying,Impersonation,aggressor
ليش قلتوا عن ضحكتي مثل الماعز؟ صرت ما اضحك,Cyberbullying,Denigration_Humiliation,victim
يا شباب انتبهوا من أي رسالة تجيكم من حساب ب انستا يحمل اسمي,Cyberbullying,Impersonation,victim
أحد عنده فكرة كيف أختم المرحلة العاشرة في روكت ليق؟ تعبت,Normal,Normal,none
"انا ما احب التعليقات اللي تقول ""حتى بالفلتر ما تحلين""",Cyberbullying,Denigration_Humiliation,victim
بستناك كل يوم,Grooming,Trust_Building,aggressor
قاعد أرسل كلام غريب بالقروب ومخلي الناس تظن إنه فهد,Cyberbullying,Impersonation,aggressor
بكره عندنا اختبار فقه لازم أنام بدري عشان أصصح مركز هههه,Normal,Normal,none
يا جماعة هذا اللي يقول ان ابوه غني، سيارتهم كامري 2005 ههه,Cyberbullying,Denigration_Humiliation,aggressor
أنا اللي فتحت حساب فهد ب ماينكرافت وقعدت أكلم صاحبه,Cyberbullying,Impersonation,aggressor
تعمدت أسوي حساب مزيف ب واتساب باسم محمد عشان أورطه,Cyberbullying,Impersonation,aggressor
انت كبير وتعرف تصلح الكمبيوترات، شكرا انك ساعدتني بالشير سكرين,Grooming,Trust_Building,victim
ما اعرفك الا من يومين بس عطيتني نصيحة عن الاختبارات زبطت,Grooming,Trust_Building,victim
يا ولد عمي طلبت لك قهوة زي ما تحب الحين أجيبها لك وأنت قاعد بالمجلس,Normal,Normal,none
انتي تحبين الكيبوب؟ بعطيك صور البومات نادرة عندي,Grooming,Trust_Building,aggressor
أذن العشاء بروح أصلي في المسجد وراجع لكم شكرا,Normal,Normal,none
احس اني ابي اغير مدرستي بسبب اللقب ذا,Cyberbullying,Denigration_Humiliation,victim
يا عيال أخذت حساب ب ببجي نفس صورة عمر بالضبط ومحد درى,Cyberbullying,Impersonation,aggressor
فلانة تسوي نفسها مشهورة وهي عندها 20 متابع,Cyberbullying,Denigration_Humiliation,aggressor
وينك يا مها قاعد أستناك بالسيرفر صار لي ساعة,Normal,Normal,none
انا ما ابي اكون بالقروب بعد، كل يوم يتمسخرون,Cyberbullying,Denigration_Humiliation,victim
سويت نفس اسم عمر وصورته ب ببجي وقاعد أرد على المدرسين,Cyberbullying,Impersonation,aggressor
يا شباب أخذت جروب واتساب جديد وسميته على اسم سلطان وأرسل نكت,Cyberbullying,Impersonation,aggressor
انتي من الناس اللي ترتاح لهم من اول كلمة,Grooming,Trust_Building,aggressor
انا اكبر منك واعرف اشياء كثير، اسألني عن اي شي,Grooming,Trust_Building,aggressor
انا ادري اني جديد باللعبة، بس لا تفشلوني بالسيرفر,Cyberbullying,Denigration_Humiliation,victim
قاعدة أساعد أمي في المطبخ نسوي حلا العصر هههه,Normal,Normal,none
انت فاهم بالجوالات اكثر مني وانت اصغر، كيف؟ ههه,Grooming,Trust_Building,aggressor
وش هالسيارة اللي توصلك؟ خردة الكل شافها,Cyberbullying,Denigration_Humiliation,aggressor
انت من التيك توك وتقول اني احلى من اللي بعمري؟ شكرا,Grooming,Trust_Building,victim
يعني انت دكتور وتسولف معي بالسناب؟ واو، كيف لقيتني؟,Grooming,Trust_Building,victim
شفت صورتك مع القطوة بالستوري، يا حلو، انت تحب الحيوانات؟,Grooming,Trust_Building,aggressor
أفكار مشاريع مدرسية مادة العلوم سهلة ومبتكرة,Normal,Normal,none
انتي ما عندك ستايل ولا شخصية، نسخة مقلدة,Cyberbullying,Denigration_Humiliation,aggressor
أنا مره خايف من اختبار الالعلوم بكرة دعواتكم لي,Normal,Normal,none
عرفتك من التيك توك وقلت اني اقوى من اللي يتنمرون، شكرا,Grooming,Trust_Building,victim
ياخي انت اسطورة، ليه تضيع وقتك مع واحد صغير من القيم ههه,Grooming,Trust_Building,victim
عبارات مدح لبنت صغيرة بالتعليقات,Grooming,Trust_Building,aggressor
عادي نسولف كل يوم بعد المدرسة؟ انتي صرتي صاحبتي من النت,Grooming,Trust_Building,aggressor
سويت نفس اسم ديم وصورته ب ماينكرافت وقاعد أرد على المدرسين,Cyberbullying,Impersonation,aggressor
كيف اعرف اهتمامات شخص بالنت,Grooming,Trust_Building,aggressor
ياخي انت تفهم علي بدون ما اشرح، نادر تلقى احد كذا اونلاين,Grooming,Trust_Building,victim
نسخت بوستات نوف ونشرتها بحسابي الوهمي ب فورتنايت,Cyberbullying,Impersonation,aggressor
فيصل يتأتئ لما يتكلم، اسمعوا الريكورد ههههههه,Cyberbullying,Denigration_Humiliation,aggressor
شكرا على الروبكس,Grooming,Trust_Building,victim
أنا اللي كلمت الشباب ب روبلوكس مسوي نفسي فيصل هههههه,Cyberbullying,Impersonation,aggressor
انت كبير صح؟ بس اعجبني انك تشرح لي بهدوء,Grooming,Trust_Building,victim
ههه شكرا على النيترو، هذي اول مرة احد ما اعرفه يعطيني شي,Grooming,Trust_Building,victim
يعني انت تتابعني من سنة؟ وانا ما انتبهت، والله انك وفي,Grooming,Trust_Building,victim
بححث عن طريقة أسوي حساب وهمي ب تويتر بدون رقم,Cyberbullying,Impersonation,aggressor
مين يحب بيتزا جبنة؟ طلبت وحدة كبيرة لي ولأخواني والله,Normal,Normal,none
انتي كبيرة بس تحبين نفس الالعاب، كم عمرك؟ 24؟ ههه,Grooming,Trust_Building,victim
يا جماعة اكونتي ب انستا مسروق وفيه شخص يكلم الناس بدلي,Cyberbullying,Impersonation,victim
يا حلوة انتي بالرابع؟ يا عمري، وتكتبين بدون اخطاء؟ شاطرة,Grooming,Trust_Building,aggressor
الله يجزاك خير يا أخوي الكبير ما قصرت معي والله يطول بعمرك,Normal,Normal,none
شخص يعطيني فيبكس ببلاش فورتنايت,Grooming,Trust_Building,victim
ترى البنت ذي ما تعرف وش يعني ترند، متخلفة,Cyberbullying,Denigration_Humiliation,aggressor
كيف أقدر أحذف حساب وهمي ب انستا منتحل شخصيتي؟,Cyberbullying,Impersonation,victim
انت كبير وتسمع لي لما احكي عن هواياتي، شكرا,Grooming,Trust_Building,victim
أحد سرق صورتي الشخصية ب واتساب وقاعد ينشر مقاطع تفشل,Cyberbullying,Impersonation,victim
مين هالفاشل اللي خسر الفريق؟ اوه هو نفسه كل مرة,Cyberbullying,Denigration_Humiliation,aggressor
خلنا نسولف كل ليلة قبل النوم، انت صرت صاحبي من الديسكورد,Grooming,Trust_Building,aggressor
انت قلت انك من جدة وعمرك 24؟ وتحب نفس الفرق اللي احبها؟,Grooming,Trust_Building,victim
كيف اخلي شخص يحب يكلمني كل يوم,Grooming,Trust_Building,aggressor
حتى اهله ما يحبونه، شوفوا كيف ابوه يكلمه قدامنا,Cyberbullying,Denigration_Humiliation,aggressor
ليش سجلتوا لما طحت من الدراجة؟ رجلي كانت توجعني,Cyberbullying,Denigration_Humiliation,victim
أفضل طريقة لانتحال شخصية مشهور ب روبلوكس عشان يتابعوني,Cyberbullying,Impersonation,aggressor
أحد سرق صورتي الشخصية ب سناب وقاعد ينشر مقاطع تفشل تكفون,Cyberbullying,Impersonation,victim
والله انبسطت من ردك، ما توقعت يوتيوبر يرد على ولد صغير,Grooming,Trust_Building,victim
منو اللي كتبت بالقروب جملة ما لها معنى؟ اوه هي طبعا,Cyberbullying,Denigration_Humiliation,aggressor
ساعدوني يا شباب ايش أساوي لو واحد فتح حساب باسمي ب سناب؟,Cyberbullying,Impersonation,victim
البنت ذي صوتها لما تقرا القرآن يرجف، فشلة ههه,Cyberbullying,Denigration_Humiliation,aggressor
سويت له ميم وحطيته بقروب الفصل، خلوه يتعلم ههه,Cyberbullying,Denigration_Humiliation,aggressor
بعطيك نجوم بالبث كل يوم، لانك تستاهلين,Grooming,Trust_Building,aggressor
كيف أقدر أحذف حساب وهمي ب روبلوكس منتحل شخصيتي؟,Cyberbullying,Impersonation,victim
انتي عمرك 26 وتحبين الرسم الرقمي؟ علميني اونلاين,Grooming,Trust_Building,victim
ليش طلعتوا المقطع بعد ما وعدتوا تحذفونه؟,Cyberbullying,Denigration_Humiliation,victim
أنا وراشد بنروح المكتبة العصر نشتري أقلام ودفاتر جديدة,Normal,Normal,none
يا أستاذ ترى فيه شخص مسوي نفسه أنا بقروب ديسكورد ويغلط,Cyberbullying,Impersonation,victim
اول مره احد من الانستا يقول اني مختلفة عن البنات بشكل حلو,Grooming,Trust_Building,victim
أخذت باسورد نوف ب روبلوكس وقاعد أرسل رسايل لناس ثانيين,Cyberbullying,Impersonation,aggressor
شفتك تتكلم عن الانمي بالقروب، انا اعرف كل الانميات، اسألني,Grooming,Trust_Building,aggressor
انت من التيك توك اللي يعلق دايم؟ شكرا انك تشجعني,Grooming,Trust_Building,victim
صورت لها وهي تتعثر بالدرج، المقطع وصل لكل البنات,Cyberbullying,Denigration_Humiliation,aggressor
شخص بالقروب يساعدني بالواجب كل يوم وما اعرفه,Grooming,Trust_Building,victim
عطوني سكنات حلوة في ماينكرافت ودي أشتري بس متخوف,Normal,Normal,none
ليش تقولين قصيدتي ما فيها وزن؟ انا بس احب اكتب,Cyberbullying,Denigration_Humiliation,victim
انت كيوت لما تقول لي شكرا ههه، كم عمرك؟,Grooming,Trust_Building,aggressor
تكفون بلغوا عن حساب ب واتساب حاط صورتي واسمي ويسيء للناس,Cyberbullying,Impersonation,victim
أحب أرسم بالألوان المائية بس دايم أوسخ يدي ههه شكرا,Normal,Normal,none
انا بس عمري 10، ليش كل الكبار بالسيرفر يتمسخرون علي,Cyberbullying,Denigration_Humiliation,victim
أنا سويت حساب مشابه ل راشد ب منصة مدرستي بحرف زايد عشان ما ينتبهون,Cyberbullying,Impersonation,aggressor
انا بالثانوي وانت بالمتوسط، بس احس اننا نفس الاهتمامات,Grooming,Trust_Building,aggressor
ياخي رهيب لما فتحت حساب ب ديسكورد باسم فيصل وأسوي مشاكل,Cyberbullying,Impersonation,aggressor
انا عرفت ان كل البنات يتمسخرون علي بالخاص، تعبت,Cyberbullying,Denigration_Humiliation,victim
حتى بنت خالتي شافت الصورة اللي سويتوا فيها فوتوشوب,Cyberbullying,Denigration_Humiliation,victim
يا شباب انتبهوا من أي رسالة تجيكم من حساب ب فورتنايت يحمل اسمي,Cyberbullying,Impersonation,victim
حتى بنات الحارة شافوا المقطع، فشلة,Cyberbullying,Denigration_Humiliation,victim
قاعد أصور الشاشة وأنا أنتحل شخصية سلطان ب فورتنايت بيموتون قهر,Cyberbullying,Impersonation,aggressor
ليش اتحمس لما يكلمني شخص من النت,Grooming,Trust_Building,victim
أفضل طريقة لانتحال شخصية مشهور ب منصة مدرستي عشان يتابعوني ههههه,Cyberbullying,Impersonation,aggressor
انتي تحسبين نفسك حلوة بالحجاب؟ ههههه,Cyberbullying,Denigration_Humiliation,aggressor
والله ما اقدر اطلع من البيت، المقطع وصل لكل الحارة,Cyberbullying,Denigration_Humiliation,victim
حتى سكنك رخيص، فقير باللعبة وبالحقيقة ههههه,Cyberbullying,Denigration_Humiliation,aggressor
خلني اكون مدربك، انا لعبت كورة سنين وانت توك تبدأ,Grooming,Trust_Building,aggressor
شكرا على الشدات يا عمتي، أنت أحسن عمتي بالدنيا الله يحفظك,Normal,Normal,none
انت عمرك 20 وتقول اني احسن لاعب صغير شفته؟ ههه,Grooming,Trust_Building,victim
كيف اصير اقرب شخص لاحد بالنت,Grooming,Trust_Building,aggressor
يا أختي الكبيرة الوالد يسلم عليك ويقولك متى بتزورنا الاستراحة الليلة؟,Normal,Normal,none
يا عيني ما شاء الله على الكشخة من محل الجملة,Cyberbullying,Denigration_Humiliation,aggressor
انتي لطيفة مره، كل ما اكلمك ارتاح، مع انك من النت,Grooming,Trust_Building,aggressor
يا ولد انت ذكي بالرياضيات، شفت حلك بالقروب، انا بالجامعة وانبهرت,Grooming,Trust_Building,aggressor
كتبت تعليق مسيء ب تليجرام بحساب نواف والكل صدق,Cyberbullying,Impersonation,aggressor
أنا سويت حساب مشابه ل فيصل ب واتساب بحرف زايد عشان ما ينتبهون,Cyberbullying,Impersonation,aggressor
كيف اثبت اني ما غشيت والكل يقول اني غشاش,Cyberbullying,Denigration_Humiliation,victim
يا جماعة اليوم الأستاذ عطانا واجب طويل الدراسات الإسلامية الله يعين صحيح,Normal,Normal,none
يا ولد عمي وش رايك ب فورتنايت؟ ولدك يقول إنك كنت تحب الألعاب زمان هههه,Normal,Normal,none
يا جماعة اكونتي ب تيك توك مسروق وفيه شخص يكلم الناس بدلي,Cyberbullying,Impersonation,victim
ما اعرفك بس انت طيب,Grooming,Trust_Building,victim
انت عار على عيلتك بهالدرجات,Cyberbullying,Denigration_Humiliation,aggressor
يا أخوي الكبير الوالد يسلم عليك ويقولك متى بتزورنا الاستراحة الليلة؟,Normal,Normal,none
انت اكبر مني بكثير بس سوالفك حلوة ههه,Grooming,Trust_Building,victim
والله احس اني اعرفك من زمان مع اننا توه نتكلم من الديسكورد,Grooming,Trust_Building,victim
كيف أنتحل شخصية معلم عشان أخوف الطلاب بالقروب,Cyberbullying,Impersonation,aggressor
انتي حتى بالرسم فاشلة، وتسوين نفسك فنانة,Cyberbullying,Denigration_Humiliation,aggressor
شوفوا جزمتها مقطعة، اكيد من الحراج ههههه,Cyberbullying,Denigration_Humiliation,aggressor
ليش علقتوا على لبسي بالبث؟ ما ابي اسوي بث بعد,Cyberbullying,Denigration_Humiliation,victim
يا عيال مين يبي نلعب تيم دات ماتش في روكت ليق؟,Normal,Normal,none
انت تشجع الهلال؟ انا بعد! كم عمرك؟ خلنا نتابع الماتش سوا اونلاين,Grooming,Trust_Building,aggressor
أنا اللي فتحت حساب حور ب ماينكرافت وقعدت أكلم صاحبه ههههه,Cyberbullying,Impersonation,aggressor
ههه انت دايم تفهمني يا صاحب الحساب الجديد,Grooming,Trust_Building,victim
انت كبير بالعمر بس تتكلم عن الالعاب كأنك بعمري ههه,Grooming,Trust_Building,victim
يا أختي اكتبي لي المحاضرة اللي راحت علي بليز,Normal,Normal,none
يا أستاذ ترى فيه شخص مسوي نفسه أنا بقروب تليجرام ويغلط,Cyberbullying,Impersonation,victim
أفضل استراتيجيات لعبة فورتنايت الموسم الجديد,Normal,Normal,none
شكرا على رصيد الجوال، ما توقعت متابع يعطيني كذا,Grooming,Trust_Building,victim
أخذت باسورد فهد ب منصة مدرستي وقاعد أرسل رسايل لناس ثانيين,Cyberbullying,Impersonation,aggressor
يا جماعة اليوم الأستاذ عطانا واجب طويل الإنقليزي الله يعين شكرا,Normal,Normal,none
انت لاعب محترف ولقيت وقت تكلمني انا؟ ههه عرفتك من البطولة,Grooming,Trust_Building,victim
حلو انك تسأل كيف يومي، انت من النت بس كأنك صاحبي من زمان,Grooming,Trust_Building,victim
كل يوم نفس الطرحة، ما عندها غيرها؟ ههه,Cyberbullying,Denigration_Humiliation,aggressor
يا غريب كيف عرفت اني احب الديناصورات؟ ههه,Grooming,Trust_Building,victim
تعمدت أسوي حساب مزيف ب واتساب باسم نوف عشان أورطه,Cyberbullying,Impersonation,aggressor
يا عمري انتي صغيرة بس فاهمة، تبين نصير صديقات؟,Grooming,Trust_Building,aggressor
انت الوحيد بالقروب اللي يرد علي، احس اننا اصحاب,Grooming,Trust_Building,aggressor
يا جماعة تعالوا شوفوا بيته بالقوقل ايرث، كوخ,Cyberbullying,Denigration_Humiliation,aggressor
مو صحيح اللي تقولونه عني، انا ما غشيت,Cyberbullying,Denigration_Humiliation,victim
ليش حطيتوا صورتي القديمة وانا صغير؟,Cyberbullying,Denigration_Humiliation,victim
انت كبير بس تسمع لي بدون ما تحكم علي، شكرا,Grooming,Trust_Building,victim
"ترى اسمك بالقروب صار ""المهرج""، تعود عليه",Cyberbullying,Denigration_Humiliation,aggressor
"حتى بالسيرفر حطوا اسمي بقايمة ""اسوأ لاعبين""",Cyberbullying,Denigration_Humiliation,victim
شخص من البث يرسل لي نجوم كل يوم,Grooming,Trust_Building,victim
بعطيك متابعين، بس لانك من اللطيفين اللي قابلتهم بالنت,Grooming,Trust_Building,aggressor
يا خالي طلبت لك قهوة زي ما تحب الحين أجيبها لك وأنت قاعد بالمجلس,Normal,Normal,none
تعمدت أسوي حساب مزيف ب انستا باسم فهد عشان أورطه,Cyberbullying,Impersonation,aggressor
قاعد أصور الشاشة وأنا أنتحل شخصية جوري ب واتساب بيموتون قهر,Cyberbullying,Impersonation,aggressor
حطوا صورتها جنب صورة القرد، نفس الشي ههه,Cyberbullying,Denigration_Humiliation,aggressor
تكفون بلغوا عن حساب ب ديسكورد حاط صورتي واسمي ويسيء للناس,Cyberbullying,Impersonation,victim
دخلت لعبة روبلوكس بشخصية ريماس وقمت أطرد الناس,Cyberbullying,Impersonation,aggressor
انتي لطيفة مع الكل بالقروب، احب الناس اللي كذا,Grooming,Trust_Building,aggressor
انت كبير بس تلعب معي كأنك من عمري ههه,Grooming,Trust_Building,victim
بعطيك السكن النادر لو صرت صاحبي، توك داخل السيرفر صح؟,Grooming,Trust_Building,aggressor
هالبنت تتكلم بصوت عالي مثل الحريم بالسوق ههه,Cyberbullying,Denigration_Humiliation,aggressor
أنا وأخوي الصغير قاعدين نرتب غرفتنا عشان ماما تفرح فينا شكرا,Normal,Normal,none
قاعد أقرأ كتاب مغامرات جديد مره حلو وممتع هههه,Normal,Normal,none
انت من الانستا وتقول بتعلمني الخط العربي؟ يا الله شكرا,Grooming,Trust_Building,victim
كل يوم بعطيك شدات لو تلعب معي، اتفقنا يا صغير؟,Grooming,Trust_Building,aggressor
نسخت بوستات ريماس ونشرتها بحسابي الوهمي ب واتساب,Cyberbullying,Impersonation,aggressor
تكفون بلغوا عن حساب ب تيك توك حاط صورتي واسمي ويسيء للناس,Cyberbullying,Impersonation,victim
سويت نفس اسم نواف وصورته ب روبلوكس وقاعد أرد على المدرسين,Cyberbullying,Impersonation,aggressor
ارسل لي يوزرك وبعطيك سكن، انت عجبتني من اول قيم,Grooming,Trust_Building,aggressor
يا قزم,Cyberbullying,Denigration_Humiliation,aggressor
قسم بالله اللي يكلمكم ب تيك توك مو أنا هذا واحد كذاب,Cyberbullying,Impersonation,victim
منو اللي جاب درجة اقل من الكل؟ هو طبعا، اكيد,Cyberbullying,Denigration_Humiliation,aggressor
نزلت المقطع,Cyberbullying,Denigration_Humiliation,aggressor
يا ربي زهقت من الحسابات الوهمية اللي باسمي في واتساب تكفون,Cyberbullying,Impersonation,victim
يا راشد تعال دخلني السيرفر حقك في ماينكرافت بسرعة,Normal,Normal,none
يا صغير انت تستاهل كل خير، خذ هالشدات,Grooming,Trust_Building,aggressor
البنت اللي بالسناب ذي فلترها مخبي وجهها الحقيقي,Cyberbullying,Denigration_Humiliation,aggressor
صوتك بالمايك مثل الكرتون، اطفيه احسن,Cyberbullying,Denigration_Humiliation,aggressor
ما اعرفك الا من شهر بس صرت احس انك اخوي,Grooming,Trust_Building,victim
شوفوا خط يدها، مثل الشخابيط,Cyberbullying,Denigration_Humiliation,aggressor
انتي ما احد يحبك بالمدرسة، ليش تسوين نفسك؟,Cyberbullying,Denigration_Humiliation,aggressor
يا شباب هالواد يسوي نفسه مضحك وهو اثقل واحد,Cyberbullying,Denigration_Humiliation,aggressor
يا شباب مين يلعب معي دوبلز في ببجي؟,Normal,Normal,none
أفضل طريقة لانتحال شخصية مشهور ب واتساب عشان يتابعوني ههههه,Cyberbullying,Impersonation,aggressor
مين يحب بيتزا جبنة؟ طلبت وحدة كبيرة لي ولأخواني صحيح,Normal,Normal,none
قاعد أصور الشاشة وأنا أنتحل شخصية نوف ب سناب بيموتون قهر,Cyberbullying,Impersonation,aggressor
تعمدت أسوي حساب مزيف ب ببجي باسم لين عشان أورطه,Cyberbullying,Impersonation,aggressor
ليش طلعتوا غلطاتي الاملائية بالقروب؟ فشلتوني,Cyberbullying,Denigration_Humiliation,victim
تعمدت أسوي حساب مزيف ب قروب المدرسة باسم لين عشان أورطه,Cyberbullying,Impersonation,aggressor
وش هالرسمة؟ ارجعي لكراسة التلوين حقة الروضة,Cyberbullying,Denigration_Humiliation,aggressor
هل اقدر اشتكي على اللي نشر صورتي,Cyberbullying,Denigration_Humiliation,victim
يا حلو تعليقاتك، كل يوم انتظرها، انت من المتابعين المميزين,Grooming,Trust_Building,aggressor
يا عمري انتي صغيرة بس كلامك كبير، احب اسولف معك,Grooming,Trust_Building,aggressor
يا جماعة اليوم الأستاذ عطانا واجب طويل اللغة العربية الله يعين والله,Normal,Normal,none
أنا اللي كلمت الشباب ب روبلوكس مسوي نفسي سارة هههههه ههههه,Cyberbullying,Impersonation,aggressor
قسم بالله اللي يكلمكم ب ماينكرافت مو أنا هذا واحد كذاب تكفون,Cyberbullying,Impersonation,victim
مضحكة الفصل,Cyberbullying,Denigration_Humiliation,aggressor
احس اني ما ابي اكلم احد بعد اللي كتبوه,Cyberbullying,Denigration_Humiliation,victim
ليش قلتوا للكل اني ما اعرف اربط شماغي؟,Cyberbullying,Denigration_Humiliation,victim
يا بنات تعرفون ريم وش لبست بالزواج؟ فضيحة عندي صورة,Cyberbullying,Denigration_Humiliation,aggressor
ايه ردي عليها بالستوري وقولي رايك، انت الوحيد من المتابعين اللي يهتم,Grooming,Trust_Building,victim
أنا سرقت صورة صاحبي وحطيتها باكونت تيك توك جديد,Cyberbullying,Impersonation,aggressor
يا جماعة هذي اللي انقطع صوتها بالمسرحية، فضيحة ههه,Cyberbullying,Denigration_Humiliation,aggressor
قسم بالله اللي يكلمكم ب قروب المدرسة مو أنا هذا واحد كذاب,Cyberbullying,Impersonation,victim
قاعد ألعب بلعبة تيك توك واسمي نفسي ريماس عشان يظنونه هو,Cyberbullying,Impersonation,aggressor
انت من التويتر وتقول افكاري عن التقنية متقدمة؟ واو,Grooming,Trust_Building,victim
هههه لا تمدحني كثير، بنصدق ما اعرف احد بالنت يمدحني كذا,Grooming,Trust_Building,victim
كيف أبلغ إدارة ديسكورد عن شخص منتحل شخصيتي وسارق حسابي؟,Cyberbullying,Impersonation,victim
يا أستاذ ترى فيه شخص مسوي نفسه أنا بقروب ببجي ويغلط,Cyberbullying,Impersonation,victim
قاعد ألعب بلعبة ماينكرافت واسمي نفسي رغد عشان يظنونه هو,Cyberbullying,Impersonation,aggressor
أنا وعلي قاعدين نبني بيت كبير في ماينكرافت تعالوا شوفوه,Normal,Normal,none
يا أستاذ ترى فيه شخص مسوي نفسه أنا بقروب ماينكرافت ويغلط,Cyberbullying,Impersonation,victim
انا اسمر وش فيها؟ ليش تضحكون,Cyberbullying,Denigration_Humiliation,victim
انتي لبسك بالحفلة كان فضيحة، كل البنات تكلموا عنه,Cyberbullying,Denigration_Humiliation,aggressor
يا عيال مين يبي نلعب تيم دات ماتش في روبلوكس؟,Normal,Normal,none
كيف اعرف اذا الشخص اللي يكلمني بالنت كبير,Grooming,Trust_Building,victim
انا ما ابي العب كورة بعد، كلهم قالوا اني العب مثل البنات,Cyberbullying,Denigration_Humiliation,victim
يا عيال مين يدخل معي قيم ببجي الحين,Normal,Normal,none
ابد ما توقعت اكلم احد عمره 9 ويكون فاهم كذا,Grooming,Trust_Building,aggressor
اول مرة اكلمك بس احس اننا بنصير اصحاب مره,Grooming,Trust_Building,aggressor
تكفون بلغوا عن حساب ب سناب حاط صورتي واسمي ويسيء للناس,Cyberbullying,Impersonation,victim
ههه انت صرت اول واحد اكلمه بعد ما ارجع من المدرسة، مع انك من النت,Grooming,Trust_Building,victim
اول مرة احد يقولي كذا,Grooming,Trust_Building,victim
ساعدوني يا شباب ايش أساوي لو واحد فتح حساب باسمي ب تيك توك؟,Cyberbullying,Impersonation,victim
ترى سمعت انها تغش بالاختبارات، اسألوا اللي يجلسون وراها,Cyberbullying,Denigration_Humiliation,aggressor
ليش سويتوا ستيكر وانا ابكي؟ كنت زعلانة صدق,Cyberbullying,Denigration_Humiliation,victim
أفضل طريقة لانتحال شخصية مشهور ب ماينكرافت عشان يتابعوني,Cyberbullying,Impersonation,aggressor
خلاص ما بنزل خواطري بعد، الكل قال كلامي اطفال,Cyberbullying,Denigration_Humiliation,victim
أنا مره خايف من اختبار الالإنقليزي بكرة دعواتكم لي صحيح,Normal,Normal,none
قاعد ألعب بلعبة تويتر واسمي نفسي جوري عشان يظنونه هو,Cyberbullying,Impersonation,aggressor
عرفتك من البث وتقول بتهديني يوزر مميز؟ ههه شكرا,Grooming,Trust_Building,victim
انا متابعك من حساب ثاني بس حبيت اكلمك من هنا، انت محتواك حلو,Grooming,Trust_Building,aggressor
خلصت الغداء وقاعد أتفرج على كرتون قديم شكرا,Normal,Normal,none
قاعد ألعب بلعبة منصة مدرستي واسمي نفسي صالح عشان يظنونه هو,Cyberbullying,Impersonation,aggressor
يا شباب نسخت جروب واتساب جديد وسميته على اسم نواف وأرسل نكت,Cyberbullying,Impersonation,aggressor
أنا اللي كلمت الشباب ب تليجرام مسوي نفسي هديل هههههه,Cyberbullying,Impersonation,aggressor
انا من الرياض ثالث متوسط، وانت من وين؟ صوتك صوت واحد كبير,Grooming,Trust_Building,victim
سويت نفس اسم غلا وصورته ب منصة مدرستي وقاعد أرد على المدرسين,Cyberbullying,Impersonation,aggressor
صدق تبيني اكون صاحبتك؟ وانت عمرك 18 وانا 11؟ عادي؟,Grooming,Trust_Building,victim
انتي ترسمين انمي؟ رسمك احلى من رسامين كبار اعرفهم، كم عمرك؟,Grooming,Trust_Building,aggressor
صوتك مثل البطة,Cyberbullying,Denigration_Humiliation,aggressor
يمه ابي اشيل التقويم، البنات يتمسخرون علي,Cyberbullying,Denigration_Humiliation,victim
يا عيال مين يدخل معي قيم ماينكرافت الحين,Normal,Normal,none
صدق تشوف رسمي حلو؟ انا ولد واستحي اوري احد بس انت غريب فعادي,Grooming,Trust_Building,victim
الكل بالسناب صار يرسل لي صورتي المعدلة، كرهت نفسي,Cyberbullying,Denigration_Humiliation,victim
كم عمرك يا بطل؟ شكلك صغير بس تلعب مثل البرو,Grooming,Trust_Building,aggressor
توني لاقيتك بس احس اننا نفس التفكير، عادي نصير اصحاب؟,Grooming,Trust_Building,aggressor
يا شباب لا تلعبون معه، يغش ويبكي اذا خسر,Cyberbullying,Denigration_Humiliation,aggressor
هل الناس اللي بالنت يصيرون اصحاب صدق,Grooming,Trust_Building,victim
يا فاشل,Cyberbullying,Denigration_Humiliation,aggressor
اوكي قول لي عن يومك وانا اقولك عن يومي، هذا اول تعارف لي بالنت ههه,Grooming,Trust_Building,victim
كيف أبلغ إدارة سناب عن شخص منتحل شخصيتي وسارق حسابي؟,Cyberbullying,Impersonation,victim
أخذت باسورد سلطان ب ماينكرافت وقاعد أرسل رسايل لناس ثانيين,Cyberbullying,Impersonation,aggressor
خذ هالبطاقة من متجر التطبيقات، شي بسيط لانك صاحبي الجديد,Grooming,Trust_Building,aggressor
ليش طلع اسمي بالتريند حق القروب؟ وش سويت,Cyberbullying,Denigration_Humiliation,victim
خلونا نحط صورته بقروب الدفعة كلها، خلهم يعرفون شكله,Cyberbullying,Denigration_Humiliation,aggressor
طريقة كيف تنتحل شخصية صديقك ب واتساب وتكلم أهله,Cyberbullying,Impersonation,aggressor
تكفون بلغوا عن حساب ب ديسكورد حاط صورتي واسمي ويسيء للناس تكفون,Cyberbullying,Impersonation,victim
كل ما تحطين صورة نسوي منها ميم، استمري,Cyberbullying,Denigration_Humiliation,aggressor
والله ما توقعت احد كبير يتابع قناتي الصغيرة، شكرا يا عمو المتابع,Grooming,Trust_Building,victim
شفتك ترد على الناس بأدب بالكومنتات، احسك شخص اثق فيه,Grooming,Trust_Building,aggressor
أنا وحسن قاعدين نبني بيت كبير في ماينكرافت تعالوا شوفوه,Normal,Normal,none
يا عيال سرقت حساب ب تويتر نفس صورة جوري بالضبط ومحد درى,Cyberbullying,Impersonation,aggressor
يا خالتي الحساب اللي ب ماينكرافت اللي يسب مو انا والله,Cyberbullying,Impersonation,victim
انتي مره كيوت بالتعليقات، كم عمرك؟ شكلك صغيرة,Grooming,Trust_Building,aggressor
يوم الخميس الجوي بيكون روعة بنطلع نكشت بالبر صحيح,Normal,Normal,none
يا شيخ انت ولد طيب، احس اني اعرفك وانا توني شايفك,Grooming,Trust_Building,aggressor
كيف اسوي حساب ميمز عن طلاب المدرسة,Cyberbullying,Denigration_Humiliation,aggressor
انت ما تقدر تسوي شي صح، ولا شي,Cyberbullying,Denigration_Humiliation,aggressor
انا اكبر منك ب6 سنين بس سوالفنا حلوة صح؟,Grooming,Trust_Building,aggressor
يا ام الشوارب هههههه انتي متأكدة انك بنت؟,Cyberbullying,Denigration_Humiliation,aggressor
توي أدري إن فيه حساب ب تويتر يقلد صوتي أو اسمي بالحرف,Cyberbullying,Impersonation,victim
انت كبير بالعمر بس تتكلم معي باحترام، شكرا,Grooming,Trust_Building,victim
حطوا صورتها بالقروب,Cyberbullying,Denigration_Humiliation,aggressor
عمرك 25 بس تحب نفس الالعاب القديمة اللي احبها,Grooming,Trust_Building,victim
يا جماعة اكونتي ب فورتنايت مسروق وفيه شخص يكلم الناس بدلي تكفون,Cyberbullying,Impersonation,victim
بعطيك عضوية بالكلان، انتي جديدة بس تستاهلين,Grooming,Trust_Building,aggressor
بعطيك حساب فيه سكنات كثير، بس لانك عاجبني لعبك,Grooming,Trust_Building,aggressor
انا مو فقيرة، وحتى لو، ليش تضحكون؟,Cyberbullying,Denigration_Humiliation,victim
خلونا نقلد صوتها بالكول، هي ما بتعرف,Cyberbullying,Denigration_Humiliation,aggressor
ما اعرف عنك شي بس كلامك دايم يضحكني,Grooming,Trust_Building,victim
يا عيال دخلت حساب ب قروب المدرسة نفس صورة محمد بالضبط ومحد درى,Cyberbullying,Impersonation,aggressor
تكفون يا عيال اعملوا بلاغ على الحساب المزيف اللي باسمي ب تويتر,Cyberbullying,Impersonation,victim
أنا وراشد بنروح المكتبة العصر نشتري أقلام ودفاتر جديدة والله,Normal,Normal,none
يا شباب أخذت جروب واتساب جديد وسميته على اسم حور وأرسل نكت,Cyberbullying,Impersonation,aggressor
ليه فيه ناس فاضية تسوي حسابات مزيفة بأسامينا في تليجرام؟,Cyberbullying,Impersonation,victim
قاعد ألعب بلعبة منصة مدرستي واسمي نفسي خالد عشان يظنونه هو,Cyberbullying,Impersonation,aggressor
انا ادري ان طرحتي وحدة، بس ليش تعلقون عليها,Cyberbullying,Denigration_Humiliation,victim
يا خالتي الحساب اللي ب ببجي اللي يسب مو انا والله,Cyberbullying,Impersonation,victim
والله ما اعرف ليش ارتحت لك كذا، انت مجرد اسم بالديسكورد,Grooming,Trust_Building,victim
شخص يرسل لي رصيد جوال وانا ما اعرفه,Grooming,Trust_Building,victim
فزت على أختي ب روبلوكس وقعدت تصيح تبي تعيد القيم هههه,Normal,Normal,none
انت ولد ذكي، واضح من اسئلتك، انا بعلمك اشياء ما يعلمونها بالمدرسة,Grooming,Trust_Building,aggressor
نسخت بوستات عمر ونشرتها بحسابي الوهمي ب قروب المدرسة,Cyberbullying,Impersonation,aggressor
ليش اختي تقول ان البنات بصفها شافوا المقطع حقي؟,Cyberbullying,Denigration_Humiliation,victim
بنت اكبر مني بالقروب تقول اني صاحبتها المفضلة,Grooming,Trust_Building,victim
أنا منصدم واحد مسوي حساب ب ببجي بنفس صورتي واسمي الثلاثي,Cyberbullying,Impersonation,victim
انت كبير بالعمر بس عطيتني كلام يشجعني قبل الاختبار,Grooming,Trust_Building,victim
الويكند هذا بنسافر الرياض نزور جدتي وجدي,Normal,Normal,none
انا ابي اجلس معكم بس ليش كل ما اجي تطلعون,Cyberbullying,Denigration_Humiliation,victim
ترى هو الوحيد اللي ما احد عزمه على عيد الميلاد ههه,Cyberbullying,Denigration_Humiliation,aggressor
خلاص وقفوا تقلدون صوتي، والله ما هو مضحك,Cyberbullying,Denigration_Humiliation,victim
والله وناسة لما سوينا حساب ب تليجرام باسم غلا وأكتب كلام غبي,Cyberbullying,Impersonation,aggressor
يا عمري انتي تحبين الكتب؟ انا بعطيك قايمة كتب تناسب عمرك,Grooming,Trust_Building,aggressor
سويت نفس اسم غلا وصورته ب تليجرام وقاعد أرد على المدرسين,Cyberbullying,Impersonation,aggressor
يا حلوة انتي بالخامس؟ وتعرفين تصممين؟ ابداع,Grooming,Trust_Building,aggressor
ما شفت وجهك ابد بس احس انك تعرفني اكثر من ناس اشوفهم كل يوم,Grooming,Trust_Building,victim
قاعد ألعب بلعبة تيك توك واسمي نفسي سارة عشان يظنونه هو,Cyberbullying,Impersonation,aggressor
يا عمي وش رايك ب فورتنايت؟ ولدك يقول إنك كنت تحب الألعاب زمان هههه,Normal,Normal,none
قصف جبهات للبنات,Cyberbullying,Denigration_Humiliation,aggressor
ههه اول مرة اكلم احد ما اعرف شكله، بس انت لطيف,Grooming,Trust_Building,victim
والله استحيت لما شفت المقطع منتشر بالتيك توك,Cyberbullying,Denigration_Humiliation,victim
انت متابع جديد صح؟ اهلا فيك، شكلك ولد طيب,Grooming,Trust_Building,aggressor
اوكي اقولك عن يومي، بس انت قولي عمرك الحقيقي اول,Grooming,Trust_Building,victim
ليش علقتي على كيكة عيد ميلادي؟ امي سوتها,Cyberbullying,Denigration_Humiliation,victim
كيف اعرف مين اللي فتح حساب باسمي وسرق صورتي الشخصية,Cyberbullying,Impersonation,victim
شفت تعليقك عند اليوتيوبر وعجبني، تبي نصير اصحاب؟,Grooming,Trust_Building,aggressor
أخوي أهداني شدات في روكت ليق عشان فزت عليه بالبلايستيشن,Normal,Normal,none
يا جماعة مين علم هذي تلبس؟ عمى الالوان,Cyberbullying,Denigration_Humiliation,aggressor
هل طبيعي اسولف كل يوم مع شخص من النت,Grooming,Trust_Building,victim
البنت ذي ما تفهم النكت، نضحك عليها وهي تضحك معنا,Cyberbullying,Denigration_Humiliation,aggressor
قسم بالله اللي يكلمكم ب منصة مدرستي مو أنا هذا واحد كذاب,Cyberbullying,Impersonation,victim
أحد سرق صورتي الشخصية ب منصة مدرستي وقاعد ينشر مقاطع تفشل,Cyberbullying,Impersonation,victim
يا شباب سويت جروب واتساب جديد وسميته على اسم جوري وأرسل نكت,Cyberbullying,Impersonation,aggressor
شفت مقطعك بالسناب ماب العام، يا حلو، انت تحب التزلج؟,Grooming,Trust_Building,aggressor
والله ما كنت ابكي، كنت تعبانة، ليش صورتوني,Cyberbullying,Denigration_Humiliation,victim
أبشرك يا خالتي جبت درجات عالية بالاختبار اليوم الحمد لله,Normal,Normal,none
خذ هالبطاقة واشتري اللي تبي، انت ما تعرفني بس انا احب افرح الناس,Grooming,Trust_Building,aggressor
أحد سرق صورتي الشخصية ب سناب وقاعد ينشر مقاطع تفشل,Cyberbullying,Impersonation,victim
كل عام وأنت بخير يا أخوي الكبير وعساك من عواده وتقبل الله طاعتك,Normal,Normal,none
ههه لا ما ازعجتني، انا احب اسولف مع ناس كبار مثلك,Grooming,Trust_Building,victim
ليش حطيتوا خطي بالقروب؟ انا اعرف انه مو حلو,Cyberbullying,Denigration_Humiliation,victim
ليش نشرتوا صورتي وعيوني مسكرة؟ احذفوها,Cyberbullying,Denigration_Humiliation,victim
وينك يا معاذ قاعد أستناك بالسيرفر صار لي ساعة,Normal,Normal,none
دخلت لعبة انستا بشخصية نواف وقمت أطرد الناس ههههه,Cyberbullying,Impersonation,aggressor
انت ما تعرف تتكلم مع احد، فاشل اجتماعي,Cyberbullying,Denigration_Humiliation,aggressor
خلوا الفصل كله يصوت: مين اوحش واحد؟ اكيد هو,Cyberbullying,Denigration_Humiliation,aggressor
احس الكل بالسيرفر يعرف عن المقطع، حتى اللي ما اعرفهم,Cyberbullying,Denigration_Humiliation,victim
انا تعبت من التمسخر، حتى بالبيت افكر فيه,Cyberbullying,Denigration_Humiliation,victim
انت شايف اني اقدر اصير مشهور؟ شكرا يا الغريب على التشجيع,Grooming,Trust_Building,victim
يا شباب دخلت جروب واتساب جديد وسميته على اسم عمر وأرسل نكت,Cyberbullying,Impersonation,aggressor
اصلا ما كنت ابي ارد بس كلامك حلو، انت من وين جيت لحسابي,Grooming,Trust_Building,victim
أنا اللي فتحت حساب جود ب قروب المدرسة وقعدت أكلم صاحبه,Cyberbullying,Impersonation,aggressor
يا بقرة سكرت اللعبة بوجهي ليه؟ هههههههه أحبك والله أمزح,Normal,Normal,none
انا بالصف الخامس، انت بالجامعة؟ يمه كبير ههه بس سوالفك حلوة,Grooming,Trust_Building,victim
انت كبير بس تسولف عن الكرتون زي عيال صفي,Grooming,Trust_Building,victim
انا 13 وانت 9؟ ههه صغير بس لعبك حلو,Grooming,Trust_Building,aggressor
أخذت باسورد خالد ب ببجي وقاعد أرسل رسايل لناس ثانيين,Cyberbullying,Impersonation,aggressor
خلاص ما بنزل رسمي بالانستا، كل مرة يتريقون,Cyberbullying,Denigration_Humiliation,victim
طريقة كيف تنتحل شخصية صديقك ب تيك توك وتكلم أهله,Cyberbullying,Impersonation,aggressor
والله وناسة لما سويت حساب ب تليجرام باسم بندر وأكتب كلام غبي,Cyberbullying,Impersonation,aggressor
الشباب يقلدون لهجتي وش اسوي,Cyberbullying,Denigration_Humiliation,victim
انت ولد حساس وطيب، باين من كلامك، احب الناس كذا,Grooming,Trust_Building,aggressor
انتي ما تعرفين تكتبين جملة صح، رجعي ابتدائي,Cyberbullying,Denigration_Humiliation,aggressor
أنا وراشد بنروح المكتبة العصر نشتري أقلام ودفاتر جديدة صحيح,Normal,Normal,none
عادي اسولف معك كل يوم؟ انت شخص كبير بس لطيف مره,Grooming,Trust_Building,victim
أنا منصدم واحد مسوي حساب ب ماينكرافت بنفس صورتي واسمي الثلاثي,Cyberbullying,Impersonation,victim
سويت حساب انستقرام وهمي باسم خويي عشان أضحك عليه,Cyberbullying,Impersonation,aggressor
يا عيال أخذت حساب ب ديسكورد نفس صورة فهد بالضبط ومحد درى,Cyberbullying,Impersonation,aggressor
شكرا انك وقفت معي بالشات لما الكل ضدي، ما اعرفك بس انت رجال,Grooming,Trust_Building,victim
ليش سويتوا قروب عشان تتمسخرون على صوري؟ انا شفته,Cyberbullying,Denigration_Humiliation,victim
كتبت تعليق مسيء ب قروب المدرسة بحساب سعود والكل صدق ههههه,Cyberbullying,Impersonation,aggressor
شكرا على المساعدة بالروبوتكس، انت من القروب العام صح,Grooming,Trust_Building,victim
انا اكبر منك بس ما عندي مشكلة نسولف كل يوم,Grooming,Trust_Building,aggressor
قاعد أصلح السيكل حق أخوي الصغير انفك الكفر صحيح,Normal,Normal,none
ترى ماجد ما يعرف يقرا عدل، شوفوا كيف يتهجى,Cyberbullying,Denigration_Humiliation,aggressor
البنت ذي لبست ثوب العيد حق اختها، واضح من المقاس,Cyberbullying,Denigration_Humiliation,aggressor
سويت نفس اسم خالد وصورته ب ببجي وقاعد أرد على المدرسين,Cyberbullying,Impersonation,aggressor
يا وجه النحس وين ما رحت يجي المطر ههههههه منور يا غالي,Normal,Normal,none
ليش تقولون ابوي حارس كأنه عيب؟,Cyberbullying,Denigration_Humiliation,victim
انتي تكتبين شعر؟ بعمرك؟ والله ابداع، ارسلي لي اكثر,Grooming,Trust_Building,aggressor
البنت ذي ما تعرف تلبس، كل يوم نفس البلوزة,Cyberbullying,Denigration_Humiliation,aggressor
حتى المدرسة ما تبيه، الكل يضحك عليه بالفسحة,Cyberbullying,Denigration_Humiliation,aggressor
والله وناسة لما أخذت حساب ب ماينكرافت باسم تركي وأكتب كلام غبي,Cyberbullying,Impersonation,aggressor
كل البنات بالصف يعرفون انها تكلم نفسها بالحمام,Cyberbullying,Denigration_Humiliation,aggressor
بكره عندنا اختبار فقه لازم أنام بدري عشان أصصح مركز والله,Normal,Normal,none
ما ادري من انت بس شكرا انك لعبت معي لما كنت طفشان,Grooming,Trust_Building,victim
يا بنات حطيت صورتها قبل وبعد التقويم، شوفوا الفرق,Cyberbullying,Denigration_Humiliation,aggressor
شكرا على المدح، محد بالسيرفر قالي اني شاطر الا انت,Grooming,Trust_Building,victim
وينك يا مريم قاعد أستناك بالسيرفر صار لي ساعة,Normal,Normal,none
بعطيك نصايح بالمدرسة، انا مريت فيها قبلك,Grooming,Trust_Building,aggressor
أنا وسعود قاعدين نبني بيت كبير في ماينكرافت تعالوا شوفوه,Normal,Normal,none
ساعدوني يا شباب ايش أساوي لو واحد فتح حساب باسمي ب تيك توك؟ تكفون,Cyberbullying,Impersonation,victim
كيف اكون عادي ومحد يتمسخر علي,Cyberbullying,Denigration_Humiliation,victim
والله وناسة لما فتحت حساب ب ببجي باسم ديم وأكتب كلام غبي,Cyberbullying,Impersonation,aggressor
خذي هالفلتر سويته لك بس، ما تعرفيني بس حبيت اهديك,Grooming,Trust_Building,aggressor
انتي شاطرة بالانجليزي؟ بعطيك قصص قصيرة تقرينها، انا اكبر منك واعرف,Grooming,Trust_Building,aggressor
عطوني سكنات حلوة في فورتنايت ودي أشتري بس متخوف,Normal,Normal,none
وينك يا تركي قاعد أستناك بالسيرفر صار لي ساعة,Normal,Normal,none
مبروك الفوز يا ريم لعبت اليوم بمستوى بطل,Normal,Normal,none
شفتك بالتيك توك لايف، تعالي نسولف بالتعليقات كل يوم,Grooming,Trust_Building,aggressor
كلهم حطوا على ستوريي، ما ابي انزل شي بعد اليوم,Cyberbullying,Denigration_Humiliation,victim
نسخت اكونت تيك توك وهمي باسم نواف وقاعد أضحك على العالم,Cyberbullying,Impersonation,aggressor
طيب بعطيك رايي بالستوري حقك، صرنا اصحاب من الكومنتات ههههه,Grooming,Trust_Building,victim
اسمع يا قصير، اذا وقفت ما احد يشوفك ههههه,Cyberbullying,Denigration_Humiliation,aggressor
ماما سوت مشاوي دجاج اليوم تفتح النفس بالعافية علينا هههه,Normal,Normal,none
كتبت تعليق مسيء ب روبلوكس بحساب جوري والكل صدق,Cyberbullying,Impersonation,aggressor
ابي اعرف عنك اكثر، وش تحب؟ وش تكره؟ توني متعرف عليك,Grooming,Trust_Building,aggressor
ياخي رهيب لما أخذت حساب ب ماينكرافت باسم لين وأسوي مشاكل,Cyberbullying,Impersonation,aggressor
انت كبير وتشجعني اكثر من ناس اعرفهم من زمان، غريب ههه,Grooming,Trust_Building,victim
سويت حساب ميمز عن الاستاذة الجديدة والطلاب، اول ميم عن خالد,Cyberbullying,Denigration_Humiliation,aggressor
ما اعرفك بس اعجبني انك ما تسب بالشات زي الباقين,Grooming,Trust_Building,victim
شكرا على الاشتراك بالقناة انت من وين تعرفني؟,Grooming,Trust_Building,victim
يا عيال فتحت حساب ب فورتنايت نفس صورة هديل بالضبط ومحد درى,Cyberbullying,Impersonation,aggressor
أنا وناصر قاعدين نبني بيت كبير في ماينكرافت تعالوا شوفوه,Normal,Normal,none
ليه بعض العيال يسوون حسابات بأسماءنا ويسببون لنا مشاكل ب تويتر؟ تكفون,Cyberbullying,Impersonation,victim
عطشان مره بروح أشب الموية الباردة وأجي هههه,Normal,Normal,none
أنا مره خايف من اختبار الاللغة العربية بكرة دعواتكم لي صحيح,Normal,Normal,none
يا مريم تعال دخلني السيرفر حقك في ماينكرافت بسرعة,Normal,Normal,none
يا بزر,Cyberbullying,Denigration_Humiliation,aggressor
خلاص ما بلبس الجزمة ذي مرة ثانية، الكل ضحك عليها,Cyberbullying,Denigration_Humiliation,victim
انتي تحبين التخييم؟ عندي صور حلوة، كم عمرك؟,Grooming,Trust_Building,aggressor
يا عيال فيه واحد مسوي حساب وهمي ب ببجي باسمي ويسب العالم,Cyberbullying,Impersonation,victim
انا امشي واتمرن، ليش تتكلمون عن كرشي,Cyberbullying,Denigration_Humiliation,victim
ترى ترى هي تسوي نفسها ذكية بس الاستاذة تساعدها,Cyberbullying,Denigration_Humiliation,aggressor
هل اقبل هدية من شخص ما اعرفه بروبلوكس,Grooming,Trust_Building,victim
انت كبير بس ما تزعل لما اغلط باللعبة، شكرا,Grooming,Trust_Building,victim
انا ابي فريق ثاني، ما ابي العب مع اللي يتمسخرون علي,Cyberbullying,Denigration_Humiliation,victim
انت بالرابع؟ ههه صغير بس لعبك احلى من اخوي اللي بالثانوي,Grooming,Trust_Building,aggressor
انا احب اسولف معك، انت احسن من اللي بعمري بالقروب,Grooming,Trust_Building,victim
يا ناصر تعال دخلني السيرفر حقك في ماينكرافت بسرعة,Normal,Normal,none
أخوي أهداني شدات في ببجي عشان فزت عليه بالبلايستيشن,Normal,Normal,none
خلصت الغداء وقاعد أتفرج على كرتون قديم هههه,Normal,Normal,none
ما ادري كيف ارد لك الجميل، عطيتني السكن النادر وانت ما تعرفني,Grooming,Trust_Building,victim
انتي ستوريك اليوم كأنها من 2010، قديمة مثلك,Cyberbullying,Denigration_Humiliation,aggressor
ليش سجلت صوتي بالكول وانا ابكي؟ احذفه تكفى,Cyberbullying,Denigration_Humiliation,victim
انا ما احب اسولف مع ناس كثير بس انتي غير، توني لاقيتك,Grooming,Trust_Building,aggressor
ليش تقولون ان امي ما علمتني اللبس؟ لا تدخلون امي,Cyberbullying,Denigration_Humiliation,victim
قاعد أصور الشاشة وأنا أنتحل شخصية حور ب ببجي بيموتون قهر,Cyberbullying,Impersonation,aggressor
دخلت سيرفر سناب مسوي نفسي تركي وقمت أسب خوينا,Cyberbullying,Impersonation,aggressor
البنت ذي تقول انها تسوي رياضة، شوفوا كرشها ههه,Cyberbullying,Denigration_Humiliation,aggressor
انت كبير وتقول بتعلمني ادير فلوسي؟ ههه شكرا,Grooming,Trust_Building,victim
يا ليت الإجازة تبكره تعبنا من الدراسة والاختبارات,Normal,Normal,none
ابد ما احس بفرق العمر بيننا، انا 15 وانتي 11 بس نفس التفكير,Grooming,Trust_Building,aggressor
البنت ذي تأكل كثير، شوفوا صحنها بالحفلة,Cyberbullying,Denigration_Humiliation,aggressor
ترى سمعت انها تسرق من شنط البنات، انتبهوا منها,Cyberbullying,Denigration_Humiliation,aggressor
أخذت باسورد محمد ب تويتر وقاعد أرسل رسايل لناس ثانيين,Cyberbullying,Impersonation,aggressor
انتي بالقيم ما تسوين شي غير تموتين، حمل علينا,Cyberbullying,Denigration_Humiliation,aggressor
انتي ليش تسوين بث؟ ما احد يبي يشوف وجهك,Cyberbullying,Denigration_Humiliation,aggressor
انت تحب الحيوانات؟ انا متطوع بجمعية، بعلمك عنها، كم عمرك؟,Grooming,Trust_Building,aggressor
"ليش تسموني ""الدبدوبة""؟ انا ما احب الاسم ذا",Cyberbullying,Denigration_Humiliation,victim
توي أدري إن فيه حساب ب قروب المدرسة يقلد صوتي أو اسمي بالحرف تكفون,Cyberbullying,Impersonation,victim
ليش علقتي على ثوبي بالعيد؟ هذا اللي قدرت عليه امي,Cyberbullying,Denigration_Humiliation,victim
كل يوم تنزلين ستوري ومحد يرد، حتى صاحباتك,Cyberbullying,Denigration_Humiliation,aggressor
نعسان والله اليوم من المدرسة نومي كان قليل أمس والله,Normal,Normal,none
تكفون يا عيال اعملوا بلاغ على الحساب المزيف اللي باسمي ب ماينكرافت,Cyberbullying,Impersonation,victim
انتي من وين عرفتي حسابي؟ ههه المهم انك هنا، كم عمرك؟,Grooming,Trust_Building,aggressor
دخلت حساب فورتنايت حق ولد عمي وبعت أشياءه عشان أقهرة,Cyberbullying,Impersonation,aggressor
دخلت سيرفر فورتنايت مسوي نفسي رغد وقمت أسب خوينا,Cyberbullying,Impersonation,aggressor
انتي من التيك توك وتقولين بتسوين معي لايف؟ يا الله,Grooming,Trust_Building,victim
يا عيال فيه واحد مسوي حساب وهمي ب تليجرام باسمي ويسب العالم,Cyberbullying,Impersonation,victim
"يا شباب حطوا تعليقات "" "" تحت كل بوست له",Cyberbullying,Denigration_Humiliation,aggressor
شخص غريب يسألني كم عمري باللعبة,Grooming,Trust_Building,victim
ياخي شكرا على النيترو، ما اعرفك الا من السيرفر بس انت كريم,Grooming,Trust_Building,victim
صورت شنطتها، شكلها من سوق الخميس ههههه,Cyberbullying,Denigration_Humiliation,aggressor
دخلت اكونت واتساب وهمي باسم مها وقاعد أضحك على العالم ههههه,Cyberbullying,Impersonation,aggressor
أنا وأخوي الصغير قاعدين نرتب غرفتنا عشان ماما تفرح فينا هههه,Normal,Normal,none
يا حلو انت تضحك على كل نكتي، صرت صاحبي من البث,Grooming,Trust_Building,aggressor
شكرا على الشدات يا خالتي، أنت أحسن خالتي بالدنيا الله يحفظك,Normal,Normal,none
صاحبي من الديسكورد عمره كبير عادي,Grooming,Trust_Building,victim
يا أستاذ ترى فيه شخص مسوي نفسه أنا بقروب قروب المدرسة ويغلط,Cyberbullying,Impersonation,victim
يا ليت الإجازة تبكره تعبنا من الدراسة والاختبارات هههه,Normal,Normal,none
قاعد أصور الشاشة وأنا أنتحل شخصية فهد ب سناب بيموتون قهر,Cyberbullying,Impersonation,aggressor
يا عيال فيه واحد مسوي حساب وهمي ب تويتر باسمي ويسب العالم,Cyberbullying,Impersonation,victim
شفتك تبنين بيت بادوبت مي، يا حلو ذوقك، كم عمرك؟,Grooming,Trust_Building,aggressor
بعطيك فلوس اللعبة اللي تكفيك تشتري البيت، انت تستاهل,Grooming,Trust_Building,aggressor
أنا سويت حساب مشابه ل حور ب فورتنايت بحرف زايد عشان ما ينتبهون,Cyberbullying,Impersonation,aggressor
صممت لي شعار حسابي وانت ما تعرفني؟ مره شكرا انت مبدع,Grooming,Trust_Building,victim
أنا مره خايف من اختبار الاللغة العربية بكرة دعواتكم لي,Normal,Normal,none
شفتك تخسر وتزعل، لا تشيل هم، انا بلعب معك لين تفوز,Grooming,Trust_Building,aggressor
انا من النت بس صدقيني احس اني اعرفك من سنين,Grooming,Trust_Building,aggressor
يا عيال سوينا حساب ب واتساب نفس صورة سلطان بالضبط ومحد درى,Cyberbullying,Impersonation,aggressor
فزت على أختي ب ماينكرافت وقعدت تصيح تبي تعيد القيم هههه,Normal,Normal,none
حتى الصغار بالسيرفر صاروا يقولون علي نوب,Cyberbullying,Denigration_Humiliation,victim
انت تحب الرسم؟ انا بعد! تعال نرسم سوا اونلاين,Grooming,Trust_Building,aggressor
انا ما نسخت بحثي، تعبت عليه ثلاث ايام,Cyberbullying,Denigration_Humiliation,victim
أذن العشاء بروح أصلي في المسجد وراجع لكم والله,Normal,Normal,none
تكفون يا عيال اعملوا بلاغ على الحساب المزيف اللي باسمي ب روبلوكس تكفون,Cyberbullying,Impersonation,victim
قسم بالله اللي يكلمكم ب تليجرام مو أنا هذا واحد كذاب تكفون,Cyberbullying,Impersonation,victim
بححث عن طريقة أسوي حساب وهمي ب تليجرام بدون رقم ههههه,Cyberbullying,Impersonation,aggressor
انت من السيرفر الامريكي صح؟ بس لطيف معي,Grooming,Trust_Building,victim
يا بخيل اشتري لنا عصير معك لا تبخل ههههه فديت قلبك,Normal,Normal,none
يا شباب هذا اللي قال انه يعرف يسبح، شوفوا المقطع ههه,Cyberbullying,Denigration_Humiliation,aggressor
يا أختي اكتبي لي المحاضرة اللي راحت علي بليز صحيح,Normal,Normal,none
خلنا نصير اصحاب، انا احب اساعد الصغار باللعبة,Grooming,Trust_Building,aggressor
ليش قلتوا عني اني اسرق؟ انا ما سويتها ابد,Cyberbullying,Denigration_Humiliation,victim
يا حلو لما تقول تصبحين على خير، احس اني اعرفك من زمان مع انك من التيليقرام,Grooming,Trust_Building,victim
انا ما ابي احد يعرف اني بهالمدرسة بعد اللي صار,Cyberbullying,Denigration_Humiliation,victim
انت كبير بس دمك خفيف واحس اعرفك من زمان مع انه اسبوع بس,Grooming,Trust_Building,victim
ليش الناس يكتبون كرنج تحت مقاطعي,Cyberbullying,Denigration_Humiliation,victim
ترى ترى هي اللي غلطت بالاذاعة وقالت اسم المديرة غلط ههه,Cyberbullying,Denigration_Humiliation,aggressor
أنا أسوي نفسي بنت ببرنامج دردشة وألعب على العيال,Cyberbullying,Impersonation,aggressor
ههه انت ما تعرفني بس قلت بتعطيني جايزة اذا فزت,Grooming,Trust_Building,victim
يا بنت عمي وش رايك ب فورتنايت؟ ولدك يقول إنك كنت تحب الألعاب زمان هههه,Normal,Normal,none
عرفتك من شات التيك توك وصرت تشجعني انشر كل يوم,Grooming,Trust_Building,victim
انتي حنونة مره، احس اني اعرفك من زمان مع اني لقيتك بالبنترست,Grooming,Trust_Building,victim
شكرا على المساعدة بالرياضيات، ما كنت ادري انك استاذ، انت من القروب العام صح,Grooming,Trust_Building,victim
انت رجال كبير بس اسمع كلامك اكثر من استاذي ههه,Grooming,Trust_Building,victim
شفت مقطعك بالكاريوكي، صوتك حلو مره لبنت بعمرك,Grooming,Trust_Building,aggressor
احذفوا صورتي,Cyberbullying,Denigration_Humiliation,victim
ههه انت ما تعرفني بس تعرف اني احب الهلال من اسمي,Grooming,Trust_Building,victim
كتبت تعليق مسيء ب قروب المدرسة بحساب بندر والكل صدق ههههه,Cyberbullying,Impersonation,aggressor
يا اغبى واحد,Cyberbullying,Denigration_Humiliation,aggressor
أنشأت اكونت ماينكرافت وهمي باسم سارة وقاعد أضحك على العالم,Cyberbullying,Impersonation,aggressor
أحب أرسم بالألوان المائية بس دايم أوسخ يدي ههه صحيح,Normal,Normal,none
يا بنت اللي ما تعرف تلبس، شوفي نفسك بالمراية,Cyberbullying,Denigration_Humiliation,aggressor
كيف أقدر أحذف حساب وهمي ب ديسكورد منتحل شخصيتي؟,Cyberbullying,Impersonation,victim
يا عيال سوينا حساب ب روبلوكس نفس صورة فهد بالضبط ومحد درى,Cyberbullying,Impersonation,aggressor
ههههه طيب بقولك وش صار بالمدرسة اليوم بس لا تضحك علي يا الغريب,Grooming,Trust_Building,victim
كل عام وأنت بخير يا عمتي وعساك من عواده وتقبل الله طاعتك,Normal,Normal,none
يا شباب خلاص، فهمت، انا العب سيء، بس وقفوا,Cyberbullying,Denigration_Humiliation,victim
ليه فيه ناس فاضية تسوي حسابات مزيفة بأسامينا في تويتر؟,Cyberbullying,Impersonation,victim
مين يعرف طريقة استرجاع حساب قروب المدرسة المسروق اللي يرسل خرابيط؟,Cyberbullying,Impersonation,victim
أنا سويت حساب مشابه ل فيصل ب ماينكرافت بحرف زايد عشان ما ينتبهون,Cyberbullying,Impersonation,aggressor
ليش سويتوا ستيكر من وجهي؟ احذفوه تكفون,Cyberbullying,Denigration_Humiliation,victim
دخلت لعبة فورتنايت بشخصية رغد وقمت أطرد الناس,Cyberbullying,Impersonation,aggressor
تعبان والله اليوم من المدرسة نومي كان قليل أمس والله,Normal,Normal,none
يا شيخ ردك عجبني، كم عمرك؟ شكلك بالمتوسط,Grooming,Trust_Building,aggressor
كيف اتعامل مع التنمر على شكلي,Cyberbullying,Denigration_Humiliation,victim
خلنا نصير فريق بالمسابقة، انا اكبر واعرف كيف نفوز,Grooming,Trust_Building,aggressor
ليه بعض العيال يسوون حسابات بأسماءنا ويسببون لنا مشاكل ب قروب المدرسة؟,Cyberbullying,Impersonation,victim
يا شباب سكرين لمكالمته مع امه، دلوع ههههه,Cyberbullying,Denigration_Humiliation,aggressor
انت من البث وتقول اني ذكي ونبيه؟ شكرا يا غريب,Grooming,Trust_Building,victim
بعطيك ثيمات لجوالك، ما تعرفيني بس حبيت اسوي لك شي حلو,Grooming,Trust_Building,aggressor
يا عمي الله يعطيك العافية على الهدية الجميلة مره انبسطت عليها,Normal,Normal,none
متابع غريب يرسل لي هدايا باللايف,Grooming,Trust_Building,victim
أحد عنده فكرة كيف أختم المرحلة العاشرة في فايف ام؟ تعبت,Normal,Normal,none
يا بدر تعال دخلني السيرفر حقك في ماينكرافت بسرعة,Normal,Normal,none
شكرا انك قلت ان شكلي بالصورة طبيعي وحلو، انت من الانستا بس كلامك حلو,Grooming,Trust_Building,victim
قاعد أقرأ كتاب مغامرات جديد مره حلو وممتع شكرا,Normal,Normal,none
أنا اللي كلمت الشباب ب تليجرام مسوي نفسي ناصر هههههه,Cyberbullying,Impersonation,aggressor
انتي ليش تنزلين صور اكلك؟ واضح انك تاكلين كثير,Cyberbullying,Denigration_Humiliation,aggressor
سويت لها حساب معجبين وهمي، كله ميمز عنها ههههه,Cyberbullying,Denigration_Humiliation,aggressor
قاعد ألعب بلعبة ماينكرافت واسمي نفسي مها عشان يظنونه هو,Cyberbullying,Impersonation,aggressor
أمي طلبت مني أنزل البقالة أشتري خبز وراجع شكرا,Normal,Normal,none
انت من البث المباشر حقي امس صح؟ شكرا على الدعم,Grooming,Trust_Building,victim
دخلت لعبة قروب المدرسة بشخصية سارة وقمت أطرد الناس,Cyberbullying,Impersonation,aggressor
يا خالتي طلبت لك قهوة زي ما تحب الحين أجيبها لك وأنت قاعد بالمجلس,Normal,Normal,none
مين سوى الحساب اللي كله ميمز عني؟ ابي اعرف,Cyberbullying,Denigration_Humiliation,victim
يا جماعة شوفوا تعليقه الغبي بالقروب ههههههه صورته سكرين,Cyberbullying,Denigration_Humiliation,aggressor
يا شباب والله مو أنا اللي كتبت الكلام المسيء بالقروب هذا حساب وهمي,Cyberbullying,Impersonation,victim
اوكي اعلمك وش صار مع المعلمة، انت مو من مدرستي فعادي,Grooming,Trust_Building,victim
انتي احسن وحدة بالقروب، عمرك اكبر مني بس ما تتكبرين علي,Grooming,Trust_Building,victim
دخلت لعبة ببجي بشخصية راشد وقمت أطرد الناس,Cyberbullying,Impersonation,aggressor
"ليش كتبتوا "" "" تحت كل بوست لي؟ وش سويت لكم",Cyberbullying,Denigration_Humiliation,victim
اليوم لعبنا كورة بالمدرسة وانطردنا من الساحة هههه والله,Normal,Normal,none
انا اكبر منك ب5 سنين بس بلعب معك متى ما تبي,Grooming,Trust_Building,aggressor
قاعد أصلح السيكل حق أخوي الصغير انفك الكفر,Normal,Normal,none
هههه جلدتكم كلكم في فيفا المرة هذه لا تعيدونها,Normal,Normal,none
ما اعرف من وين انت بس اعجبتني نصيحتك,Grooming,Trust_Building,victim
غريب يبي يصير مدربي بالكورة اونلاين,Grooming,Trust_Building,victim
ابوي شاف المقطع اللي نزلوه عني، استحيت مره,Cyberbullying,Denigration_Humiliation,victim
انت اكبر مني بس دايم تساعدني بالمراحل، صرت احسن صاحب لي بستمبل قايز,Grooming,Trust_Building,victim
قاعد أصور الشاشة وأنا أنتحل شخصية فهد ب روبلوكس بيموتون قهر,Cyberbullying,Impersonation,aggressor
هههه جلدتكم كلكم في ببجي المرة هذه لا تعيدونها,Normal,Normal,none
ترى ترى نورة تقول انها اولى، هي ثالثة من تحت ههه,Cyberbullying,Denigration_Humiliation,aggressor
خلاص بحذف رسمي من الانستا، كله صار مسخرة,Cyberbullying,Denigration_Humiliation,victim
اخوي، الشباب سووا لي لقب بالمدرسة وكلهم ينادوني فيه,Cyberbullying,Denigration_Humiliation,victim
شخص باللعبة يعطيني سكنات وش اسوي,Grooming,Trust_Building,victim
انا ريم ثالث متوسط، وانت؟ عرفتني من التيك توك صح؟,Grooming,Trust_Building,victim
دخلت لعبة انستا بشخصية جود وقمت أطرد الناس,Cyberbullying,Impersonation,aggressor
أنا منصدم واحد مسوي حساب ب ديسكورد بنفس صورتي واسمي الثلاثي تكفون,Cyberbullying,Impersonation,victim
بححث عن طريقة أسوي حساب وهمي ب ببجي بدون رقم,Cyberbullying,Impersonation,aggressor
انا ما عندي اخو صغير، تبي تصير اخوي من اللعبة؟,Grooming,Trust_Building,aggressor
أنشأت اكونت تويتر وهمي باسم سعود وقاعد أضحك على العالم,Cyberbullying,Impersonation,aggressor
أنا اللي كلمت الشباب ب سناب مسوي نفسي ريماس هههههه,Cyberbullying,Impersonation,aggressor
انت ما تستاهل تكون بالفريق، روح اجلس على الدكة,Cyberbullying,Denigration_Humiliation,aggressor
ههه انت من التويتر وتقول افكاري اكبر من عمري؟,Grooming,Trust_Building,victim
"ليش سميتوني ""المهرج"" بالقروب؟ انا ما سويت شي",Cyberbullying,Denigration_Humiliation,victim
انتي فاهمة الحياة اكثر من اللي بعمري، والله,Grooming,Trust_Building,aggressor
شكرا على الملصقات اللي سويتها لي، انت ما تعرفني بس طيب,Grooming,Trust_Building,victim
انتي من التيك توك وتقولين اني بصير مؤثرة؟ ههه انتي ما تعرفيني,Grooming,Trust_Building,victim
بعطيك جواهر بكلاش، انت اكثر واحد مخلص بالكلان,Grooming,Trust_Building,aggressor
طريقة كيف تنتحل شخصية صديقك ب ديسكورد وتكلم أهله,Cyberbullying,Impersonation,aggressor
انت اكثر واحد يفهم نكتي، مع اني ما اعرفك الا من الكومنتات,Grooming,Trust_Building,aggressor
أنا اللي فتحت حساب فاطمة ب تويتر وقعدت أكلم صاحبه ههههه,Cyberbullying,Impersonation,aggressor
مبروك الفوز يا وجدان لعبت اليوم بمستوى بطل,Normal,Normal,none
أبشرك يا عمتي جبت درجات عالية بالاختبار اليوم الحمد لله,Normal,Normal,none
ياخي رهيب لما سرقت حساب ب تويتر باسم عبدالعزيز وأسوي مشاكل,Cyberbullying,Impersonation,aggressor
يعني من بين كل اللي بالبث انت انتبهت لي؟ شكرا,Grooming,Trust_Building,victim
حتى الاستاذ ضحك، احس اني ما ابي ارجع للحصة,Cyberbullying,Denigration_Humiliation,victim
ياخي رهيب لما فتحت حساب ب ماينكرافت باسم فيصل وأسوي مشاكل,Cyberbullying,Impersonation,aggressor
أنا منصدم واحد مسوي حساب ب تيك توك بنفس صورتي واسمي الثلاثي,Cyberbullying,Impersonation,victim
طريقة عمل حساب وهمي بصورة شخصية حقيقية بدون ما تقفل,Cyberbullying,Impersonation,aggressor
انت عمرك 20 بس تعرف تتكلم مع الصغار حلو,Grooming,Trust_Building,victim
تكفون انا ابي اكون صاحبتكم، ليش تتمسخرون علي,Cyberbullying,Denigration_Humiliation,victim
ليه فيه ناس فاضية تسوي حسابات مزيفة بأسامينا في واتساب؟,Cyberbullying,Impersonation,victim
شكرا يا عمتي على التوصيلة للمدرسة اليوم ريحتني الله يسعدك,Normal,Normal,none
توي أدري إن فيه حساب ب سناب يقلد صوتي أو اسمي بالحرف,Cyberbullying,Impersonation,victim
أبشرك يا أختي الكبيرة جبت درجات عالية بالاختبار اليوم الحمد لله,Normal,Normal,none
اول مرة احد من التويتر يرد علي بكل هالاهتمام,Grooming,Trust_Building,victim
كلامك عن رسمي خلاني افرح اليوم كله، اول مرة احد غريب يمدحني كذا,Grooming,Trust_Building,victim
ارسلت صورته بقروب الحارة وقلت شوفوا ولد الحارة الجديد ههه,Cyberbullying,Denigration_Humiliation,aggressor
ما اعرفك بس حبيت انك تحب القطاوة زيي,Grooming,Trust_Building,victim
كل الفصل يدري انها ما تعرف تقرا الساعة، بالثاني متوسط,Cyberbullying,Denigration_Humiliation,aggressor
يا شباب انتبهوا من أي رسالة تجيكم من حساب ب منصة مدرستي يحمل اسمي,Cyberbullying,Impersonation,victim
ليش طلعتي خطي بالقروب؟ انا اكتب حلو بالعربي,Cyberbullying,Denigration_Humiliation,victim
توي اكتشف ان فيه حساب تليجرام باسمي وصورتي يكلم الناس,Cyberbullying,Impersonation,victim
أبوي جاب لنا بطيخ بارد يبرد على القلب بهالجو الحار والله,Normal,Normal,none
ماما سوت كبسة دجاج اليوم تفتح النفس بالعافية علينا شكرا,Normal,Normal,none
لا تكتب عني كذا بالتعليقات، الناس يصدقون,Cyberbullying,Denigration_Humiliation,victim
يا معاذ تعال دخلني السيرفر حقك في ماينكرافت بسرعة,Normal,Normal,none
بعطيك هدية بالايباد، شي بسيط من صاحبتك الجديدة,Grooming,Trust_Building,aggressor
ليش الناس يصدقون حسابات وهمية ويزعلون مني معليش مو أنا,Cyberbullying,Impersonation,victim
هالنوب ما فاز ولا قيم بحياته، شوفوا احصائياته,Cyberbullying,Denigration_Humiliation,aggressor
خلني اساعدك تسوين قناة، انا عندي خبرة وانتي توك صغيرة,Grooming,Trust_Building,aggressor
شفتك بالبطولة، انت ولد قوي، خلني ادربك,Grooming,Trust_Building,aggressor
يا جماعة اكونتي ب تيك توك مسروق وفيه شخص يكلم الناس بدلي تكفون,Cyberbullying,Impersonation,victim
يا أختي الكبيرة طلبت لك قهوة زي ما تحب الحين أجيبها لك وأنت قاعد بالمجلس,Normal,Normal,none
أفضل طريقة لانتحال شخصية مشهور ب سناب عشان يتابعوني,Cyberbullying,Impersonation,aggressor
ترى ترى هو بكى لما خسر بالبلوت قدام الكل,Cyberbullying,Denigration_Humiliation,aggressor
أنا اللي فتحت حساب ناصر ب ببجي وقعدت أكلم صاحبه,Cyberbullying,Impersonation,aggressor
اليوم حسيت بنعاس شديد بالحصة الأخيرة من كثر ما الدرس طويل,Normal,Normal,none
انت ولد طيب، اكيد اصحابك يحبونك، انا بعد صرت احبك كصاحب,Grooming,Trust_Building,aggressor
محد يبي يصير بقروبه بالمشروع لانه فاشل بكل شي,Cyberbullying,Denigration_Humiliation,aggressor
يا أستاذ ترى فيه شخص مسوي نفسه أنا بقروب انستا ويغلط,Cyberbullying,Impersonation,victim
انت من المتابعين القدام صح؟ شكرا انك للحين تدعمني,Grooming,Trust_Building,victim
أنا مره خايف من اختبار الالرياضيات بكرة دعواتكم لي,Normal,Normal,none
قاعد ألعب بلعبة ببجي واسمي نفسي مها عشان يظنونه هو,Cyberbullying,Impersonation,aggressor
انت كبير بالعمر بس تتابع نفس المسلسلات، وش رايك بالحلقة الجديدة؟,Grooming,Trust_Building,victim
هههه جلدتكم كلكم في فورتنايت المرة هذه لا تعيدونها,Normal,Normal,none
شكرا على الدعوة لقروب الرسم، ما اعرف احد فيه غيرك,Grooming,Trust_Building,victim
ساعدوني يا شباب ايش أساوي لو واحد فتح حساب باسمي ب ببجي؟,Cyberbullying,Impersonation,victim
تكفون احذفوا صورتي من القروب، ليش تضحكون علي,Cyberbullying,Denigration_Humiliation,victim
احذفي التعليق تكفين، اختي شافته,Cyberbullying,Denigration_Humiliation,victim
البنت اللي ترسم ذي تحسب نفسها فنانة، رسمها مثل الاطفال,Cyberbullying,Denigration_Humiliation,aggressor
ليه فيه ناس فاضية تسوي حسابات مزيفة بأسامينا في منصة مدرستي؟,Cyberbullying,Impersonation,victim
ترى انا اكبر منك بس افهمك، اسأليني اي شي عن المتوسط,Grooming,Trust_Building,aggressor
كل عام وأنت بخير يا بنت عمي وعساك من عواده وتقبل الله طاعتك,Normal,Normal,none
صدق انت 25 وتتابع انمي؟ ههه نفس ذوقي,Grooming,Trust_Building,victim
دخلت اكونت ببجي وهمي باسم غلا وقاعد أضحك على العالم,Cyberbullying,Impersonation,aggressor
متحمس والله اليوم من المدرسة نومي كان قليل أمس هههه,Normal,Normal,none
ما شفت وجهك ابد بس احسك صاحبي,Grooming,Trust_Building,victim
يا عيال فيه واحد مسوي حساب وهمي ب ماينكرافت باسمي ويسب العالم,Cyberbullying,Impersonation,victim
سويت نفس اسم فهد وصورته ب منصة مدرستي وقاعد أرد على المدرسين ههههه,Cyberbullying,Impersonation,aggressor
كم عمرك يا صغير؟ شكلك تحتاج احد يعلمك اللعبة,Grooming,Trust_Building,aggressor
متحمس والله اليوم من المدرسة نومي كان قليل أمس شكرا,Normal,Normal,none
يا عيال فيه واحد مسوي حساب وهمي ب تيك توك باسمي ويسب العالم,Cyberbullying,Impersonation,victim
يا شباب مين يلعب معي دوبلز في روكت ليق؟,Normal,Normal,none
توك تعرفني وتسأل عن قطوتي؟ ههه اسمها لولو,Grooming,Trust_Building,victim
أنا وراشد بنروح المكتبة العصر نشتري أقلام ودفاتر جديدة هههه,Normal,Normal,none
تعمدت أسوي حساب مزيف ب انستا باسم صالح عشان أورطه,Cyberbullying,Impersonation,aggressor
شفت مقطعك بالاستديو، صوتك حلو لولد بعمرك، استمر,Grooming,Trust_Building,aggressor
يا شباب دخلت جروب واتساب جديد وسميته على اسم مها وأرسل نكت ههههه,Cyberbullying,Impersonation,aggressor
قاعد أصور الشاشة وأنا أنتحل شخصية لين ب روبلوكس بيموتون قهر,Cyberbullying,Impersonation,aggressor
مرتاح الحمدلله والله اليوم من المدرسة نومي كان قليل أمس صحيح,Normal,Normal,none
اسمي فيصل ثاني متوسط، عرفتك من الكلان، انت وش تشتغل؟,Grooming,Trust_Building,victim
انتي صغيرة على الديسكورد بس انا بخليك تعرفين كل شي فيه,Grooming,Trust_Building,aggressor
عرفتك من القيم وقلت بتعلمني اصلح الدراجة؟ مشكور,Grooming,Trust_Building,victim
انت كبير بس سوالفك حلوة,Grooming,Trust_Building,victim
اوكي انا ولد واحب الطبخ ههه، انت اول شخص بالنت ما ضحك علي,Grooming,Trust_Building,victim
شفت مقطعك وانت تحل المكعب، يا حلو، كم عمرك؟,Grooming,Trust_Building,aggressor
يا عمي تكفا علمني كيف أحل المسألة هذه بالرياضيات تعبت وانا افكر فيها,Normal,Normal,none
مبروك الفوز يا فهد لعبت اليوم بمستوى بطل,Normal,Normal,none
"ليش كتبتي ""بطريق يتصور"" تحت صورتي؟ احذفيه",Cyberbullying,Denigration_Humiliation,victim
ليش قلتي للبنات بالسناب ان صوري كلها فلتر؟,Cyberbullying,Denigration_Humiliation,victim
نسخت بوستات لين ونشرتها بحسابي الوهمي ب انستا,Cyberbullying,Impersonation,aggressor
ترى تقول انها تحفظ قرآن بس هي تغش من الجوال,Cyberbullying,Denigration_Humiliation,aggressor
انا تعبت من الكومنتات، حتى الغرباء صاروا يتمسخرون,Cyberbullying,Denigration_Humiliation,victim
انتي فاشلة حتى بالالعاب السهلة، كيف بتنجحين بالدراسة؟,Cyberbullying,Denigration_Humiliation,aggressor
ليش تضحكين على حجابي؟ هذا اختياري,Cyberbullying,Denigration_Humiliation,victim
شكرا على التصميم لحسابي، ما ادري كيف اردها لك يا الغريب,Grooming,Trust_Building,victim
انتي صوتك بالقيم يضحك، كم عمرك يا صغيرة؟,Grooming,Trust_Building,aggressor
ليه بعض العيال يسوون حسابات بأسماءنا ويسببون لنا مشاكل ب تليجرام؟,Cyberbullying,Impersonation,victim
"خلونا نعلق كلنا تحت مقطعه ""كرنج"" ههههه",Cyberbullying,Denigration_Humiliation,aggressor
يا جماعة ارحموا عيوننا من صورها,Cyberbullying,Denigration_Humiliation,aggressor
انا 15 وانت 12 بس خلاص انت صاحبي، ولا يهمك,Grooming,Trust_Building,aggressor
البنت ذي تحسب نفسها ذكية، نسخت بحثها من قوقل,Cyberbullying,Denigration_Humiliation,aggressor
ههههه شكرا على الجواهر باللعبة، والله انك كريم وانت ما تعرفني,Grooming,Trust_Building,victim
انت ولد لطيف، ليش ما عندك اصحاب كثير باللعبة؟ انا بصير صاحبك,Grooming,Trust_Building,aggressor
مين يعرف طريقة استرجاع حساب تويتر المسروق اللي يرسل خرابيط؟ تكفون,Cyberbullying,Impersonation,victim
يا اغبى واحد بالسيرفر، حتى الصغار احسن منك,Cyberbullying,Denigration_Humiliation,aggressor
ليش تقلدون لهجتي بالقيم؟ انا من الجنوب وافتخر,Cyberbullying,Denigration_Humiliation,victim
انا بالجامعة قريب بس احب اسولف معك، انت مختلف,Grooming,Trust_Building,aggressor
انا ما ابي العيد، البنات بيتكلمون عن لبسي مثل السنة اللي فاتت,Cyberbullying,Denigration_Humiliation,victim
انا استحيت اروح المدرسة اليوم بسبب الصورة,Cyberbullying,Denigration_Humiliation,victim
أنا ومعاذ قاعدين نبني بيت كبير في ماينكرافت تعالوا شوفوه,Normal,Normal,none
ليش علقتوا على بيتنا بالستوري؟ ما ابي احط شي بعد,Cyberbullying,Denigration_Humiliation,victim
انت ذوقك بالسيارات يجنن، اكيد بتصير مهندس، كم عمرك؟,Grooming,Trust_Building,aggressor
شوفوا مشيته ههههههه كأنه روبوت خربان,Cyberbullying,Denigration_Humiliation,aggressor
عرفتك من الانستا وتقول بتعلمني التصوير بالجوال؟ وناسة,Grooming,Trust_Building,victim
انت صغير بس ذوقك بالسيارات احسن من اصحابي اللي بعمري,Grooming,Trust_Building,aggressor
ما اعرفك الا من اسبوع بس صرنا نتكلم كل يوم ههه,Grooming,Trust_Building,victim
عمرك قد ابوي تقريبا بس سوالفك عن الكورة احلى منه ههه,Grooming,Trust_Building,victim
يا جماعة اليوم الأستاذ عطانا واجب طويل الدراسات الإسلامية الله يعين,Normal,Normal,none
أنا وديمة قاعدين نبني بيت كبير في ماينكرافت تعالوا شوفوه,Normal,Normal,none
كيف اكون اخ كبير لاحد بالسيرفر,Grooming,Trust_Building,aggressor
شفت تعليقك عن الاختبارات، انا مريت فيها قبلك، تبي نصايح؟,Grooming,Trust_Building,aggressor
انتي حتى بالرسم ما عندك موهبة، ليش تنزلين؟,Cyberbullying,Denigration_Humiliation,aggressor
يا ماما ابي اطلع من قروب البنات، كله استهزاء علي,Cyberbullying,Denigration_Humiliation,victim
البنت ذي كل يوم تجي متأخرة، شكلها ما عندها منبه ههه,Cyberbullying,Denigration_Humiliation,aggressor
أفضل طريقة لانتحال شخصية مشهور ب سناب عشان يتابعوني ههههه,Cyberbullying,Impersonation,aggressor
ليش سجلتوا مقطعي وانا ارقص بالعرس؟ احذفوه,Cyberbullying,Denigration_Humiliation,victim
يا شباب شوفوا ردة فعله لما قلنا له نكتة، ما فهمها,Cyberbullying,Denigration_Humiliation,aggressor
سويت نفس اسم ريماس وصورته ب قروب المدرسة وقاعد أرد على المدرسين ههههه,Cyberbullying,Impersonation,aggressor
ليه فيه ناس فاضية تسوي حسابات مزيفة بأسامينا في سناب؟,Cyberbullying,Impersonation,victim
نسخت بوستات عبدالعزيز ونشرتها بحسابي الوهمي ب تليجرام,Cyberbullying,Impersonation,aggressor
يا عمي الوالد يسلم عليك ويقولك متى بتزورنا الاستراحة الليلة؟,Normal,Normal,none
يا حلوتك وانتي تسوين نفسك مشهورة، 30 مشاهدة ههههه,Cyberbullying,Denigration_Humiliation,aggressor
شفتك تفوز بالمسابقة بالقروب، انتي اشطر من الكبار,Grooming,Trust_Building,aggressor
شوفوا كيف يركض ههههه مثل البطريق,Cyberbullying,Denigration_Humiliation,aggressor
قاعد أصور الشاشة وأنا أنتحل شخصية ناصر ب واتساب بيموتون قهر,Cyberbullying,Impersonation,aggressor
ههههه فزت علي بالصدفة يا فاشل، بكره بوريك وش السواة,Normal,Normal,none
يا شباب دخلت جروب واتساب جديد وسميته على اسم محمد وأرسل نكت,Cyberbullying,Impersonation,aggressor
انا احب كرة القدم بعد! حلو اني لقيت احد بالتويتر يشجع نفس الفريق,Grooming,Trust_Building,victim
انتي احلى وحدة بالقروب، ما ادري ليش ما احد ينتبه لك,Grooming,Trust_Building,aggressor
بعطيك وحدة من شخصياتي النادرة باللعبة، لانك اول واحد لطيف معي,Grooming,Trust_Building,aggressor
حتى بالمسجد العيال يضحكون علي من المقطع,Cyberbullying,Denigration_Humiliation,victim
شكرا على الشدات يا بنت عمي، أنت أحسن بنت عمي بالدنيا الله يحفظك,Normal,Normal,none
كل ما ادخل الكول يطلعون، احس اني ثقيلة صدق,Cyberbullying,Denigration_Humiliation,victim
كيف أبلغ إدارة سناب عن شخص منتحل شخصيتي وسارق حسابي؟ تكفون,Cyberbullying,Impersonation,victim
انت صغير على اللعبة ذي بس انا بعلمك، لا تخاف,Grooming,Trust_Building,aggressor
دخلت لعبة سناب بشخصية رغد وقمت أطرد الناس,Cyberbullying,Impersonation,aggressor
اليوم حسيت بنعاس شديد بالحصة الأخيرة من كثر ما الدرس طويل صحيح,Normal,Normal,none
ههه تقول ضحكتي حلوة من الستوري؟ اول مره احد ما اعرفه يلاحظ,Grooming,Trust_Building,victim
يا أستاذ ترى فيه شخص مسوي نفسه أنا بقروب روبلوكس ويغلط,Cyberbullying,Impersonation,victim
ترى ترى هو ما يعرف يركب البسكليت وعمره 13 ههه,Cyberbullying,Denigration_Humiliation,aggressor
ترى ما عنده لا سوني ولا بي سي، يلعب بجوال ابوه,Cyberbullying,Denigration_Humiliation,aggressor
شكرا على الكلام عن صوتي بالكاريوكي، ما احد غريب قالي كذا قبل,Grooming,Trust_Building,victim
فتحت حساب روبلوكس بنفس اسم شخص يكرهني عشان أكره الناس فيه,Cyberbullying,Impersonation,aggressor
يا حلو كلامك، اول مرة احد كبير من النت يعاملني كأني رجال,Grooming,Trust_Building,victim
خذ هالسكن، هذا عشانك بس، توني متعرف عليك بس تستاهل,Grooming,Trust_Building,aggressor
كل ما تشارك بالحصة نضحك، صرت فقرة الضحك,Cyberbullying,Denigration_Humiliation,aggressor
يا حلوك تضحك باللايف، والله انك شخص حلو,Grooming,Trust_Building,aggressor
انتي صغيرة بس عقلك كبير، اسولف معك كأنك قدي,Grooming,Trust_Building,aggressor
أنا اللي كلمت الشباب ب ديسكورد مسوي نفسي ديم هههههه ههههه,Cyberbullying,Impersonation,aggressor
كيف أقدر أحذف حساب وهمي ب واتساب منتحل شخصيتي؟,Cyberbullying,Impersonation,victim
شفت التعليقات عن صوتي، خلاص ما بغني بعد,Cyberbullying,Denigration_Humiliation,victim
شكرا على الدعم بالبث يا اللي ما اعرف اسمه,Grooming,Trust_Building,victim
صدق تشوف رسمي احلى من رسم بنات صفي؟ انت ما تعرفهم بس شكرا,Grooming,Trust_Building,victim
شوفوا ستوري العيد حقها، البيت صغير وتسوي نفسها,Cyberbullying,Denigration_Humiliation,aggressor
شوفوا لما طاح من الدراجة، مقطع ولا اروع,Cyberbullying,Denigration_Humiliation,aggressor
تكفون يا عيال اعملوا بلاغ على الحساب المزيف اللي باسمي ب قروب المدرسة تكفون,Cyberbullying,Impersonation,victim
كل يوم يطلعون صورة جديدة عني بالقروب، تعبت,Cyberbullying,Denigration_Humiliation,victim
انتي لطيفة مره بالردود، احس اني اعرفك من زمان,Grooming,Trust_Building,aggressor
يا جماعة هند ترسم عيون كبيرة لانها تبي عيونها كذا,Cyberbullying,Denigration_Humiliation,aggressor
ليش تسوين نفسك صاحبتي وانتي تضحكين علي وراي؟,Cyberbullying,Denigration_Humiliation,victim
مو صحيح اللي تقولونه عني,Cyberbullying,Denigration_Humiliation,victim
شكرا انك علمتني كيف اسوي مونتاج، انت شخص من الديسكورد بس صبور,Grooming,Trust_Building,victim
ما اعرفك برا التيك توك بس كلامك عن الدراسة شجعني,Grooming,Trust_Building,victim
دخلت لعبة انستا بشخصية فاطمة وقمت أطرد الناس,Cyberbullying,Impersonation,aggressor
وااو تعرف تطبخ؟ علمني ههه انت اول شخص كبير بالنت اسولف معه,Grooming,Trust_Building,victim
قاعد أصلح السيكل حق أخوي الصغير انفك الكفر هههه,Normal,Normal,none
ترى جوالها قديم مره، لا تضحكون لما تطلعه ههه,Cyberbullying,Denigration_Humiliation,aggressor
انت ما تعرفني بس انا كنت بالسيرفر وانت تساعد الناس، عجبتني,Grooming,Trust_Building,aggressor
اوه انت من السيرفر حق الرسامين؟ ما عرفتك بالصوت ههه,Grooming,Trust_Building,victim
شفت اسمك بقايمة الفايزين، انت شاطر، كم عمرك؟,Grooming,Trust_Building,aggressor
يا بسمة تعال دخلني السيرفر حقك في ماينكرافت بسرعة,Normal,Normal,none
شكرا على الشدات يا ولد عمي، أنت أحسن ولد عمي بالدنيا الله يحفظك,Normal,Normal,none
يا نوب احذف اللعبة، انت عار على السكواد,Cyberbullying,Denigration_Humiliation,aggressor
سويت نفس اسم رغد وصورته ب تويتر وقاعد أرد على المدرسين,Cyberbullying,Impersonation,aggressor
بعطيك دروس رسم كل اسبوع، ما تعرفيني بس شفت انك موهوبة,Grooming,Trust_Building,aggressor
يا أختي اكتبي لي المحاضرة اللي راحت علي بليز والله,Normal,Normal,none
خلنا نلعب كل يوم الساعة 8، انت صرت اهم واحد بالسكواد حقي,Grooming,Trust_Building,aggressor
كم عمرك؟ اسأل بس عشان اعرف كيف اعلمك اللعبة صح,Grooming,Trust_Building,aggressor
والله مو أنا اللي كتبت الكلام هذاك ب روبلوكس هذاك اكونت مزيف,Cyberbullying,Impersonation,victim
انت تقول عمرك 21؟ ليش تلعب امونق اس مع بزارين مثلي ههههه بس عادي,Grooming,Trust_Building,victim
وقفوا تقلدوني,Cyberbullying,Denigration_Humiliation,victim
ههههه طيب انت فايز علي بالشطرنج اونلاين، علمني يا الغريب,Grooming,Trust_Building,victim
ما اعرف اسمك الحقيقي بس احس انك طيب,Grooming,Trust_Building,victim
خلني اعطيك رايي بخطك، انت تكتب حلو لولد بعمرك,Grooming,Trust_Building,aggressor
خلصت الغداء وقاعد أتفرج على كرتون قديم والله,Normal,Normal,none
انت كبير وتعرف تسوي فيديوهات حلوة، علمني,Grooming,Trust_Building,victim
يا شيخ انت لاعب مستقبل، خلني ادربك كل يوم بالقيم,Grooming,Trust_Building,aggressor
خذ هالسكن بفورتنايت، انا ما احتاجه وانت تستاهل,Grooming,Trust_Building,aggressor
أنا اللي كلمت الشباب ب قروب المدرسة مسوي نفسي رغد هههههه,Cyberbullying,Impersonation,aggressor
توي أدري إن فيه حساب ب قروب المدرسة يقلد صوتي أو اسمي بالحرف,Cyberbullying,Impersonation,victim
"يا بنات حطيت لها لقب جديد بالقروب: ""المملة""",Cyberbullying,Denigration_Humiliation,aggressor
انت قلت عمرك 26 وتعرف كل شي عن البرمجة؟ علمني,Grooming,Trust_Building,victim
تكفون بلغوا عن حساب ب فورتنايت حاط صورتي واسمي ويسيء للناس,Cyberbullying,Impersonation,victim
انا ما ابكي على اي شي، ليش تقولون عني بزر,Cyberbullying,Denigration_Humiliation,victim
يمه اسمك كذا بالحقيقة؟ حلو، ما كنت اعرف غير اليوزر,Grooming,Trust_Building,victim
انت كيوت وانت تعصب باللعبة ههه، كم عمرك؟,Grooming,Trust_Building,aggressor
انت كبير بس تحب الانمي اللي احبه، نادر القى احد كذا اونلاين,Grooming,Trust_Building,victim
يا اختي البنات سووا لي لقب وكلهم يستخدمونه,Cyberbullying,Denigration_Humiliation,victim
ما اعرف اسمك,Grooming,Trust_Building,victim
شكرا لانك دافعت عني بالكومنتات، ما توقعت احد ما اعرفه يسويها,Grooming,Trust_Building,victim
طفشان شوي والله اليوم من المدرسة نومي كان قليل أمس شكرا,Normal,Normal,none
انت متى دخلت السيرفر؟ ما شفتك قبل بس عجبتني طريقتك,Grooming,Trust_Building,aggressor
شكرا على الوردة بالبث، اول مره احد ما اعرفه يعطيني,Grooming,Trust_Building,victim
انتي مره لطيفة مع اني لقيتك صدفة بالتعليقات,Grooming,Trust_Building,victim
يا لييل شكرا على الثيم اللي صممته لي، انت من التيليقرام صح,Grooming,Trust_Building,victim
انتي تلعبين ستمبل قايز؟ انا محترف، بعلمك، كم عمرك؟,Grooming,Trust_Building,aggressor
كيف ارسل بطاقة شحن لشخص اونلاين,Grooming,Trust_Building,aggressor
انت من النت بس تحفظ اسم كلبي؟ ههه لطيف,Grooming,Trust_Building,victim
تقول ذوقي حلو؟ شكرا، اول مره احد غريب يمدح لبسي,Grooming,Trust_Building,victim
يا شباب شوفوا لعبه بالمباراة، يلعب مثل البنات الصغار,Cyberbullying,Denigration_Humiliation,aggressor
يا مسكين حتى اهلك ما يعلقون على مقاطعك ههه,Cyberbullying,Denigration_Humiliation,aggressor
انبسطت اني لقيت احد يحب نفس الفرقة الكورية، حتى لو انت اكبر بكثير,Grooming,Trust_Building,victim
عمرك 21 بس احسك زي اخوياي بالضبط مع اني ما اعرفك,Grooming,Trust_Building,victim
انتي بنت ولا ولد؟ صوتك ما يبان بالقيم ههه، كم عمرك,Grooming,Trust_Building,aggressor
عطوني سكنات حلوة في روكت ليق ودي أشتري بس متخوف,Normal,Normal,none
ترى الولد ذا يخاف من القطط شفته يركض,Cyberbullying,Denigration_Humiliation,aggressor
يا خالتي وش رايك ب فورتنايت؟ ولدك يقول إنك كنت تحب الألعاب زمان هههه,Normal,Normal,none
خذ هالكوبون، انا ما احتاجه، انت تستاهل يا صغير,Grooming,Trust_Building,aggressor
يا شيخ انت تعرف بالكمبيوتر اكثر مني؟ وانت اصغر؟ علمني ههه,Grooming,Trust_Building,aggressor
كيف اخلي احد يرتاح لي بسرعة,Grooming,Trust_Building,aggressor
يا منيرة تعال دخلني السيرفر حقك في ماينكرافت بسرعة,Normal,Normal,none
صاحبتي من التيك توك ما ادري كم عمرها,Grooming,Trust_Building,victim
يا عيال فيه واحد مسوي حساب وهمي ب فورتنايت باسمي ويسب العالم,Cyberbullying,Impersonation,victim
يا عمري انت طيب مره، ما كنت ادري ان الناس بالنت كذا,Grooming,Trust_Building,victim
شكرا انك تسمع لي، حسيتك تفهمني مع انك غريب من التويتر,Grooming,Trust_Building,victim
شفت سؤالك بالاسك، انت ولد صريح، احب الناس كذا,Grooming,Trust_Building,aggressor
نعسان والله اليوم من المدرسة نومي كان قليل أمس شكرا,Normal,Normal,none
منو اللي يجلس بالفسحة لحاله يكلم نفسه؟ هههه مجنون,Cyberbullying,Denigration_Humiliation,aggressor
يا جماعة اكونتي ب واتساب مسروق وفيه شخص يكلم الناس بدلي,Cyberbullying,Impersonation,victim
ماما سوت مندي دجاج اليوم تفتح النفس بالعافية علينا صحيح,Normal,Normal,none
شكرا على الهدية بلايكي كيف تعرف اني احب الورد؟,Grooming,Trust_Building,victim
ههه ارتحت لك يا اخوي، مع اني ما اعرف اسمك الحقيقي,Grooming,Trust_Building,victim
ترى ترى لمى تكذب، ما راحت اي سفرة، كل صورها من النت,Cyberbullying,Denigration_Humiliation,aggressor
والله وناسة لما عملت حساب ب ببجي باسم رغد وأكتب كلام غبي,Cyberbullying,Impersonation,aggressor
انت عمرك 21 وتقول اني افهم اكثر من عيال جيلي؟ شكرا,Grooming,Trust_Building,victim
أفضل طريقة لانتحال شخصية مشهور ب ببجي عشان يتابعوني,Cyberbullying,Impersonation,aggressor
أحد سرق صورتي الشخصية ب ديسكورد وقاعد ينشر مقاطع تفشل,Cyberbullying,Impersonation,victim
يا خالي تكفا علمني كيف أحل المسألة هذه بالرياضيات تعبت وانا افكر فيها,Normal,Normal,none
انت من سيرفر العرب وتقول بتدخلني كلانك الخاص؟ يا شيخ,Grooming,Trust_Building,victim
انت تقول عمرك 28؟ بس انت مرح مره,Grooming,Trust_Building,victim
انتي حلوة بالتصوير، شفت صورك للطبيعة، كم عمرك؟,Grooming,Trust_Building,aggressor
انا بنت عمري 12 واحب الرسم، وانت وش تحب؟ ما قلت لي عن نفسك,Grooming,Trust_Building,victim
صدق انت 18؟ بس سوالفك زي سوالف عيال صفي ههه,Grooming,Trust_Building,victim
ليش صورتيني وانا نايمة بالباص؟ احذفيها الحين,Cyberbullying,Denigration_Humiliation,victim
يا عيال مين يدخل معي قيم روكت ليق الحين,Normal,Normal,none
انتي كم عمرك؟ شكلك 12؟ ههه احزري انا كم,Grooming,Trust_Building,aggressor
بعطيك روبكس,Grooming,Trust_Building,aggressor
شكرا على الكتب اللي ارسلتها بالتيليقرام، انت من اي دولة؟,Grooming,Trust_Building,victim
البنات يتكلمون عن لبسي بالقروب,Cyberbullying,Denigration_Humiliation,victim
كيف أبلغ إدارة تويتر عن شخص منتحل شخصيتي وسارق حسابي؟,Cyberbullying,Impersonation,victim
يا شباب فتحت جروب واتساب جديد وسميته على اسم حور وأرسل نكت,Cyberbullying,Impersonation,aggressor
وينك يا أحمد قاعد أستناك بالسيرفر صار لي ساعة,Normal,Normal,none
ياخي انت ما تعرفني وعطيتني كود الخصم، مشكور مره,Grooming,Trust_Building,victim
قاعد أصلح السيكل حق أخوي الصغير انفك الكفر والله,Normal,Normal,none
اول مره اكلم احد من دولة ثانية، وانت طيب مره,Grooming,Trust_Building,victim
حتى بعد ما حذفوا الصورة، الكل حافظها,Cyberbullying,Denigration_Humiliation,victim
شكرا على المقطع اللي سويته عني، ما توقعت احد ما اعرفه يهتم,Grooming,Trust_Building,victim
ماما سوت فطاير دجاج اليوم تفتح النفس بالعافية علينا هههه,Normal,Normal,none
سويت نفس اسم لمى وصورته ب روبلوكس وقاعد أرد على المدرسين,Cyberbullying,Impersonation,aggressor
يا شباب نسخت جروب واتساب جديد وسميته على اسم هديل وأرسل نكت,Cyberbullying,Impersonation,aggressor
أنا اللي فتحت حساب ريماس ب تويتر وقعدت أكلم صاحبه,Cyberbullying,Impersonation,aggressor
يا شباب البطل بكى بالكول ههههه سجلته,Cyberbullying,Denigration_Humiliation,aggressor
انت كبير صح؟ بس ما تستهزئ فيني زي الباقين,Grooming,Trust_Building,victim
اوه شكرا على النصيحة بالرسم، انت فنان صدق؟ ما اعرف شي عنك,Grooming,Trust_Building,victim
توني عرفتك بس حسيت اني اقدر اسولف معك عادي,Grooming,Trust_Building,victim
ليش نشرتوا احصائياتي؟ ادري انها مو حلوة,Cyberbullying,Denigration_Humiliation,victim
انتي تحسبين صوتك حلو؟ صوتك يخرب الاذن، وقفي غناء,Cyberbullying,Denigration_Humiliation,aggressor
ما اعرفك بس انت اول واحد بالقيم يقولي احسنت,Grooming,Trust_Building,victim
يا ربي زهقت من الحسابات الوهمية اللي باسمي في تليجرام,Cyberbullying,Impersonation,victim
يا جماعة حطوا صورته خلفية، تطرد الحسد,Cyberbullying,Denigration_Humiliation,aggressor
انتي مميزة,Grooming,Trust_Building,aggressor
انت من النت بس شكرا انك هنيتني بالعيد,Grooming,Trust_Building,victim
بشحن لك اللعبة كل شهر، بس خلك صاحبي,Grooming,Trust_Building,aggressor
سويت نفس اسم تركي وصورته ب ديسكورد وقاعد أرد على المدرسين ههههه,Cyberbullying,Impersonation,aggressor
تكفون بلغوا عن حساب ب منصة مدرستي حاط صورتي واسمي ويسيء للناس,Cyberbullying,Impersonation,victim
ليه بعض العيال يسوون حسابات بأسماءنا ويسببون لنا مشاكل ب منصة مدرستي؟,Cyberbullying,Impersonation,victim
ليش تحطين على صوري؟ وش سويت لك,Cyberbullying,Denigration_Humiliation,victim
انا اختك الكبيرة,Grooming,Trust_Building,aggressor
انت تحب الالغاز؟ انا بعطيك الغاز كل يوم، توني لاقيك بس عجبني تفكيرك,Grooming,Trust_Building,aggressor
أحد يساعدني كيف أحذف اكونت مزيف باسمي بسرعه,Cyberbullying,Impersonation,victim
كلام يفشل احد قدام الناس,Cyberbullying,Denigration_Humiliation,aggressor
انت ذكي مره بالنسبة لعمرك، مين علمك تلعب كذا؟,Grooming,Trust_Building,aggressor
انتي عمرك 24 بس تعرفين ترفعين معنوياتي، عرفتك من السناب الاسبوع اللي فات,Grooming,Trust_Building,victim
أفضل الألعاب الجماعية للأيباد بدون نت,Normal,Normal,none
شكرا انك قلت اني اقدر ادخل الطب، مع انك ما تعرفني الا من التويتر,Grooming,Trust_Building,victim
ماما سوت برجر دجاج اليوم تفتح النفس بالعافية علينا هههه,Normal,Normal,none
سويت استيكر من وجهها، كلنا نرسله بالقروب ههه,Cyberbullying,Denigration_Humiliation,aggressor
ياخي رهيب لما فتحت حساب ب منصة مدرستي باسم ديم وأسوي مشاكل,Cyberbullying,Impersonation,aggressor
يا خبل وش هالرسمة؟ حتى اختي اللي عمرها 3 ترسم احسن,Cyberbullying,Denigration_Humiliation,aggressor
خلاص ما بطلع بالاذاعة، صوتي كان يرجف والكل شاف,Cyberbullying,Denigration_Humiliation,victim
انا 15 بس احس انك تفهمني اكثر من صاحبي اللي بعمري,Grooming,Trust_Building,aggressor
شكرا على الماوس الجديد يا اللي من الكلان، ليه كذا كريم؟,Grooming,Trust_Building,victim
انتي تكتبين بالانجليزي؟ كله غلط يا فاشلة,Cyberbullying,Denigration_Humiliation,aggressor
أحد سرق صورتي الشخصية ب ببجي وقاعد ينشر مقاطع تفشل,Cyberbullying,Impersonation,victim
تكفون يا عيال اعملوا بلاغ على الحساب المزيف اللي باسمي ب تليجرام,Cyberbullying,Impersonation,victim
الحمدلله انك سألت عن يومي، توني اعرفك بس حسيت انك مهتم,Grooming,Trust_Building,victim
قسم بالله اللي يكلمكم ب تويتر مو أنا هذا واحد كذاب,Cyberbullying,Impersonation,victim
يا خالتي الحساب اللي ب قروب المدرسة اللي يسب مو انا والله تكفون,Cyberbullying,Impersonation,victim
"ليش كتبتوا عن قناتي ""فاضية""؟ انا توني بادي",Cyberbullying,Denigration_Humiliation,victim
الولد ذا يقول انه رياضي وما يقدر يطلع الدرج ههه,Cyberbullying,Denigration_Humiliation,aggressor
البنت ذي ما عندها ولا صاحبة، حتى بالقروب محد يرد عليها ههه,Cyberbullying,Denigration_Humiliation,aggressor
انا ما عندي اخت صغيرة، تبين تصيرين اختي من النت؟,Grooming,Trust_Building,aggressor
يا جماعة اكونتي ب روبلوكس مسروق وفيه شخص يكلم الناس بدلي,Cyberbullying,Impersonation,victim
أنا سويت حساب مشابه ل فهد ب واتساب بحرف زايد عشان ما ينتبهون,Cyberbullying,Impersonation,aggressor
انا كنت تعبانة من النوم، ليش صورتي شعري,Cyberbullying,Denigration_Humiliation,victim
شكلك بالبروفايل مثل اللي طالع من غسالة ههههه,Cyberbullying,Denigration_Humiliation,aggressor
أحد عنده فكرة كيف أختم المرحلة العاشرة في ماينكرافت؟ تعبت,Normal,Normal,none
انا ما ابي العب بفورتنايت بعد، كل يوم يتمسخرون,Cyberbullying,Denigration_Humiliation,victim
ليش تكتبون عن اكلي؟ هذا اكل امي,Cyberbullying,Denigration_Humiliation,victim
ليه بعض العيال يسوون حسابات بأسماءنا ويسببون لنا مشاكل ب منصة مدرستي؟ تكفون,Cyberbullying,Impersonation,victim
يا حلو رسمك، والله انتي اموهب وحدة شفتها بالانستا,Grooming,Trust_Building,aggressor
ليش كل ما اكتب بالقروب تكتبون هههه؟ انا مو نكتة,Cyberbullying,Denigration_Humiliation,victim
ساعدوني يا شباب ايش أساوي لو واحد فتح حساب باسمي ب فورتنايت؟,Cyberbullying,Impersonation,victim
أخذت باسورد عبدالعزيز ب قروب المدرسة وقاعد أرسل رسايل لناس ثانيين,Cyberbullying,Impersonation,aggressor
يا شباب مين يلعب معي دوبلز في فايف ام؟,Normal,Normal,none
يا غبي نسيت شنطتك بالفصل ورجعت تاخذها هههه فديتك والله,Normal,Normal,none
عمرك 25 وتقول اني ذكي؟ شكرا ههه,Grooming,Trust_Building,victim
طريقة كيف تنتحل شخصية صديقك ب فورتنايت وتكلم أهله,Cyberbullying,Impersonation,aggressor
خلصت حفظ سور القرآن المطلوبة مني للاستاذة بكرة والله,Normal,Normal,none
قسم بالله اللي يكلمكم ب ديسكورد مو أنا هذا واحد كذاب,Cyberbullying,Impersonation,victim
يا شباب انتبهوا من أي رسالة تجيكم من حساب ب روبلوكس يحمل اسمي,Cyberbullying,Impersonation,victim
ليه بعض العيال يسوون حسابات بأسماءنا ويسببون لنا مشاكل ب سناب؟,Cyberbullying,Impersonation,victim
انا ما احب اللي بعمري، كلهم سطحيين، انتي غير,Grooming,Trust_Building,aggressor
مين يحب بيتزا جبنة؟ طلبت وحدة كبيرة لي ولأخواني شكرا,Normal,Normal,none
كل يوم بستناك الساعة 9 بالقيم، انت صاحبي الجديد,Grooming,Trust_Building,aggressor
انا مو من مدينتك بس اعتبرني ولد حارتك ههه,Grooming,Trust_Building,aggressor
شفتك بالتعليقات دايم، حسيتك قريبة مني مع اني ما شفتك,Grooming,Trust_Building,aggressor
طريقة كيف تنتحل شخصية صديقك ب قروب المدرسة وتكلم أهله,Cyberbullying,Impersonation,aggressor
انتي من التيك توك وتقولين اني اختك الصغيرة؟ ههه,Grooming,Trust_Building,victim
انتي ليش دايم تسوين نفسك تفهمين؟ الكل يعرف انك غبية,Cyberbullying,Denigration_Humiliation,aggressor
هههه يا حمار فهمني السؤال غلط وتحسبه صح احبك والله يا صاحبي,Normal,Normal,none
سويت نفس اسم غلا وصورته ب روبلوكس وقاعد أرد على المدرسين ههههه,Cyberbullying,Impersonation,aggressor
أنا اللي كلمت الشباب ب ديسكورد مسوي نفسي بندر هههههه,Cyberbullying,Impersonation,aggressor
انتي من السناب وتقولين ضحكتي حلوة بالفيديو؟ ههه شكرا,Grooming,Trust_Building,victim
بعطيك اشتراك تطبيق الرسم، انتي موهوبة وتستاهلين,Grooming,Trust_Building,aggressor
واحد بالسيرفر يقول انا اخوه الصغير,Grooming,Trust_Building,victim
الكل يقلد طريقة كلامي,Cyberbullying,Denigration_Humiliation,victim
البنت ذي ما عندها ستايل، نسخة من امها ههه,Cyberbullying,Denigration_Humiliation,aggressor
وينك يا يوسف قاعد أستناك بالسيرفر صار لي ساعة,Normal,Normal,none
سويت نفس اسم فهد وصورته ب انستا وقاعد أرد على المدرسين,Cyberbullying,Impersonation,aggressor
حلو انك تسولف معي كل يوم مع انك اكبر مني بكثير,Grooming,Trust_Building,victim
قاعد أصور الشاشة وأنا أنتحل شخصية غلا ب تيك توك بيموتون قهر,Cyberbullying,Impersonation,aggressor
أمي شافت رسائل ب واتساب مفكرة إني أنا اللي كاتبها وهي مو مني تكفون,Cyberbullying,Impersonation,victim
بعطيك نصايح تخليك برو، انت ما تعرفني بس اثق فيك,Grooming,Trust_Building,aggressor
أحد عنده فكرة كيف أختم المرحلة العاشرة في فورتنايت؟ تعبت,Normal,Normal,none
أنا سويت حساب مشابه ل فيصل ب سناب بحرف زايد عشان ما ينتبهون,Cyberbullying,Impersonation,aggressor
انا ما ابي اروح الحفلة، البنات بيضحكون على لبسي,Cyberbullying,Denigration_Humiliation,victim
يا جماعة اكونتي ب تليجرام مسروق وفيه شخص يكلم الناس بدلي,Cyberbullying,Impersonation,victim
حطوه بالميمز، وجهه يصلح لكل ميم,Cyberbullying,Denigration_Humiliation,aggressor
انا مو نسخة من امي، وحتى لو، وش فيها,Cyberbullying,Denigration_Humiliation,victim
تعمدت أسوي حساب مزيف ب تليجرام باسم نوف عشان أورطه,Cyberbullying,Impersonation,aggressor
ساعدوني يا شباب ايش أساوي لو واحد فتح حساب باسمي ب منصة مدرستي؟,Cyberbullying,Impersonation,victim
احس اني صرت ميم بالمدرسة، الكل يرسله,Cyberbullying,Denigration_Humiliation,victim
تكفون يا عيال اعملوا بلاغ على الحساب المزيف اللي باسمي ب فورتنايت,Cyberbullying,Impersonation,victim
ليش صورتي دفتري؟ هذي رسوماتي الخاصة,Cyberbullying,Denigration_Humiliation,victim
ليش قلتي للكل اني اكلم نفسي؟ مو صحيح,Cyberbullying,Denigration_Humiliation,victim
كيف ابلغ عن تعليقات تتمسخر علي بالانستا,Cyberbullying,Denigration_Humiliation,victim
انتي اذكى بنت كلمتها بالنت والله,Grooming,Trust_Building,aggressor
البنت ذي تحسب نفسها ستايل، لبسها مثل جدتي ههه,Cyberbullying,Denigration_Humiliation,aggressor
كل ما تفتح فمك تقول شي غبي، الكل لاحظ,Cyberbullying,Denigration_Humiliation,aggressor
كيف اتعرف على ناس اصغر مني باللعبة,Grooming,Trust_Building,aggressor
أخذت باسورد سارة ب روبلوكس وقاعد أرسل رسايل لناس ثانيين,Cyberbullying,Impersonation,aggressor
تكفون يا عيال اعملوا بلاغ على الحساب المزيف اللي باسمي ب تيك توك,Cyberbullying,Impersonation,victim
يا ربي انت فاهمني، كيف وانت ما تعرفني الا من الكومنتات,Grooming,Trust_Building,victim
أنا اللي فتحت حساب فيصل ب تيك توك وقعدت أكلم صاحبه,Cyberbullying,Impersonation,aggressor
أنا مره خايف من اختبار الالأنشطة بكرة دعواتكم لي صحيح,Normal,Normal,none
دخلت سيرفر روبلوكس مسوي نفسي ريماس وقمت أسب خوينا,Cyberbullying,Impersonation,aggressor
يا عمري انتي تضحكين، كل ما ادخل اللايف حقك ارتاح,Grooming,Trust_Building,aggressor
شكرا يا اللي من القيم على الكريدت، فاجأتني,Grooming,Trust_Building,victim
انت تحب السيارات؟ عندي صور وفيديوهات نادرة، بعطيك,Grooming,Trust_Building,aggressor
انتي جديدة بالتيك توك؟ انا بعلمك كيف تجيبين متابعين,Grooming,Trust_Building,aggressor
قاعد ألعب بلعبة تليجرام واسمي نفسي محمد عشان يظنونه هو,Cyberbullying,Impersonation,aggressor
انت كبير وتسمع شيلات زيي؟ ههه حلو,Grooming,Trust_Building,victim
انت قلت عمرك 24 بس تضحكني اكثر من صاحباتي,Grooming,Trust_Building,victim
شكرا على الشدات,Grooming,Trust_Building,victim
بستناك كل يوم بالقروب، انتي اكثر وحدة اسولف معها,Grooming,Trust_Building,aggressor
توك تضيفني وتقول اني كيوت؟ ههه شكرا,Grooming,Trust_Building,victim
حطيت فويسه لما قال الكلمة غلط، اسمعوها مليون مرة,Cyberbullying,Denigration_Humiliation,aggressor
كل الفصل شاف المقطع، ما ابي اروح المدرسة بكره,Cyberbullying,Denigration_Humiliation,victim
ترى انا احب اساعد الناس الجدد بالسيرفر، خصوصا الصغار مثلك,Grooming,Trust_Building,aggressor
حلو انك ترد على رسايلي بسرعة، اللي اعرفهم ما يردون كذا,Grooming,Trust_Building,victim
قسم بالله اللي يكلمكم ب واتساب مو أنا هذا واحد كذاب,Cyberbullying,Impersonation,victim
يا حظي اني لقيتك بالكومنتات، نفس تفكيري بالضبط,Grooming,Trust_Building,victim
يا عيال مين خلص مشروع العلوم حق الأستاذ أحمد؟ صحيح,Normal,Normal,none
كيف أقدر أحذف حساب وهمي ب قروب المدرسة منتحل شخصيتي؟ تكفون,Cyberbullying,Impersonation,victim
كتبت تعليق مسيء ب قروب المدرسة بحساب تركي والكل صدق ههههه,Cyberbullying,Impersonation,aggressor
يا حلوة انتي جديدة بالقروب؟ اهلا فيك، انا بكون صاحبتك هنا,Grooming,Trust_Building,aggressor
يا حلوة تعالي اعلمك كيف تجيبين سكنات ببلاش,Grooming,Trust_Building,aggressor
ليش قلتوا عن يدي مثل العود؟ انا ما اقدر اسمن,Cyberbullying,Denigration_Humiliation,victim
وينك يا عبدالله قاعد أستناك بالسيرفر صار لي ساعة,Normal,Normal,none
يا شيخ انت فاهم الدنيا وانت صغير، احب السوالف معك,Grooming,Trust_Building,aggressor
يا أستاذ ترى فيه شخص مسوي نفسه أنا بقروب فورتنايت ويغلط,Cyberbullying,Impersonation,victim
ما اعرفك الا من يومين بس صرت احب اسولف معك بعد المدرسة,Grooming,Trust_Building,victim
انت مختلف عن الكل,Grooming,Trust_Building,victim
انتي ما تعرفين تلبسين ولا تتكلمين ولا تلعبين,Cyberbullying,Denigration_Humiliation,aggressor
أبشرك يا أخوي الكبير جبت درجات عالية بالاختبار اليوم الحمد لله,Normal,Normal,none
طريقة كيف تنتحل شخصية صديقك ب ببجي وتكلم أهله,Cyberbullying,Impersonation,aggressor
بعطيك الحساب القديم حقي فيه كل السكنات، لانك عجبتني,Grooming,Trust_Building,aggressor
يا عيال مين خلص مشروع العلوم حق الأستاذ أحمد؟,Normal,Normal,none
انتي تضحكين مره، شفتك بالبث وصرت متابعتك,Grooming,Trust_Building,aggressor
انت قلت عمرك 31؟ ههه ما يبان من سوالفك,Grooming,Trust_Building,victim
ياخي رهيب لما عملت حساب ب انستا باسم جوري وأسوي مشاكل,Cyberbullying,Impersonation,aggressor
شوفوا بروفايلها، صورة كرتون لانها تستحي من وجهها ههه,Cyberbullying,Denigration_Humiliation,aggressor
كسلان والله اليوم من المدرسة نومي كان قليل أمس,Normal,Normal,none
توي أدري إن فيه حساب ب ماينكرافت يقلد صوتي أو اسمي بالحرف,Cyberbullying,Impersonation,victim
البنت ذي ما تعرف تسبح، غرقت بالمسبح الصغير ههههه,Cyberbullying,Denigration_Humiliation,aggressor
احب الرسم والكيبوب، وانت؟ اول مره القى احد كبير يحب الكيبوب,Grooming,Trust_Building,victim
تكفون يا عيال اعملوا بلاغ على الحساب المزيف اللي باسمي ب ببجي,Cyberbullying,Impersonation,victim
قاعد ألعب بلعبة تليجرام واسمي نفسي جود عشان يظنونه هو,Cyberbullying,Impersonation,aggressor
أحد سرق صورتي الشخصية ب ماينكرافت وقاعد ينشر مقاطع تفشل تكفون,Cyberbullying,Impersonation,victim
كيف اسوي ميم من صورة شخص,Cyberbullying,Denigration_Humiliation,aggressor
كيف أقدر أحذف حساب وهمي ب سناب منتحل شخصيتي؟,Cyberbullying,Impersonation,victim
يا بنات تعالوا شوفوا بثها، تغني وهي نشاز,Cyberbullying,Denigration_Humiliation,aggressor
نسخت بوستات رغد ونشرتها بحسابي الوهمي ب واتساب,Cyberbullying,Impersonation,aggressor
أنا اللي فتحت حساب راشد ب ماينكرافت وقعدت أكلم صاحبه,Cyberbullying,Impersonation,aggressor
ما اعرفك برا السناب بس كلامك عن المستقبل خلاني افكر,Grooming,Trust_Building,victim
انا كنت مبسوط بالسكن الجديد، ليش تقولون رخيص,Cyberbullying,Denigration_Humiliation,victim
طريقة حفظ القرآن الكريم بسرعة وبدون إحراج,Normal,Normal,none
انتي ثقيلة حتى بالرسايل، ما احد يرد عليك,Cyberbullying,Denigration_Humiliation,aggressor
أنا اللي كلمت الشباب ب قروب المدرسة مسوي نفسي عبدالعزيز هههههه,Cyberbullying,Impersonation,aggressor
يا لمى تعال دخلني السيرفر حقك في ماينكرافت بسرعة,Normal,Normal,none
شوفوا صورة نوره بالرحلة ههههههه شكلها مثل البطريق,Cyberbullying,Denigration_Humiliation,aggressor
انا محتاجة النظارة، ليش تضحكون عليها,Cyberbullying,Denigration_Humiliation,victim
قاعد ألعب بلعبة منصة مدرستي واسمي نفسي عمر عشان يظنونه هو,Cyberbullying,Impersonation,aggressor
ليش تتمسخرين على كيكتي؟ اول مرة اسوي,Cyberbullying,Denigration_Humiliation,victim
سويت نفس اسم لمى وصورته ب فورتنايت وقاعد أرد على المدرسين,Cyberbullying,Impersonation,aggressor
صح انا صغيرة بس افهم، شكرا انك تكلمني مثل الكبار يا صاحب الحساب,Grooming,Trust_Building,victim
انا ما افهم النكت بسرعة، بس ليش تضحكون علي مو معي,Cyberbullying,Denigration_Humiliation,victim
دخلت سيرفر فورتنايت مسوي نفسي شهد وقمت أسب خوينا,Cyberbullying,Impersonation,aggressor
ياخي رهيب لما فتحت حساب ب واتساب باسم تركي وأسوي مشاكل,Cyberbullying,Impersonation,aggressor
الويكند هذا بنسافر الرياض نزور جدتي وجدي هههه,Normal,Normal,none
يا الدبة لا تدخلين الكول، الشاشة ما تكفيك,Cyberbullying,Denigration_Humiliation,aggressor
ترى كل البنات بالقروب يضحكون عليك بالخاص,Cyberbullying,Denigration_Humiliation,aggressor
قاعد أصور الشاشة وأنا أنتحل شخصية جوري ب تيك توك بيموتون قهر,Cyberbullying,Impersonation,aggressor
تبي اعلمك تسوين مونتاج؟ انا بالثانوي واعرف كل شي,Grooming,Trust_Building,aggressor
انا احب اكلم الاصغر مني لانهم صادقين، مثلك,Grooming,Trust_Building,aggressor
ليش قريتوا رسالتي بالقروب وانتو تضحكون؟,Cyberbullying,Denigration_Humiliation,victim
ههههههه انت مضحك، ليش ما تعرفت عليك من قبل يا متابعي الجديد,Grooming,Trust_Building,victim
يا بنات شوفوا شكلها بالزي الرياضي ههههه,Cyberbullying,Denigration_Humiliation,aggressor
يا خالتي الوالد يسلم عليك ويقولك متى بتزورنا الاستراحة الليلة؟,Normal,Normal,none
أخوي أهداني شدات في روبلوكس عشان فزت عليه بالبلايستيشن,Normal,Normal,none
ساعدوني يا شباب ايش أساوي لو واحد فتح حساب باسمي ب ديسكورد؟,Cyberbullying,Impersonation,victim
قاعد ألعب بلعبة ماينكرافت واسمي نفسي نواف عشان يظنونه هو,Cyberbullying,Impersonation,aggressor
أخذت جوال أختي وكتبت تعليقات تفشل بحسابها,Cyberbullying,Impersonation,aggressor
نسخت بوستات حور ونشرتها بحسابي الوهمي ب قروب المدرسة,Cyberbullying,Impersonation,aggressor
شفتك بالماب، انت بنت ولا ولد؟ ههه المهم شكلك طيب,Grooming,Trust_Building,aggressor
ليش تتمسخرون على بثي؟ انا ابي اغني وبس,Cyberbullying,Denigration_Humiliation,victim
كل الكومنتات بالتيك توك تقول صوتي مزعج، حذفت المقطع,Cyberbullying,Denigration_Humiliation,victim
كل ما يرفع يده يقول جواب غلط، شفتوه اليوم؟,Cyberbullying,Denigration_Humiliation,aggressor
نسخت بوستات عمر ونشرتها بحسابي الوهمي ب تليجرام,Cyberbullying,Impersonation,aggressor
انتي عمرك 25 بس تفهمين الترندات زيي ههه,Grooming,Trust_Building,victim
شكرا على الكتاب اللي اقترحته، انت من البوكتوك بس ذوقك خطير,Grooming,Trust_Building,victim
سووا لي حساب ميمز وش اسوي,Cyberbullying,Denigration_Humiliation,victim
الجو برا اليوم غبار شوي بس الهواء عليل صحيح,Normal,Normal,none
انا 14 بس اعتبرني اخوك الكبير بالسيرفر,Grooming,Trust_Building,aggressor
عطشان مره بروح أشب الموية الباردة وأجي شكرا,Normal,Normal,none
تعمدت أسوي حساب مزيف ب ماينكرافت باسم راشد عشان أورطه,Cyberbullying,Impersonation,aggressor
كيف اوقف الالقاب بالمدرسة,Cyberbullying,Denigration_Humiliation,victim
أنا وشهد قاعدين نبني بيت كبير في ماينكرافت تعالوا شوفوه,Normal,Normal,none
توني لاقيتك بالقروب بس خلاص صرتي صاحبتي المفضلة,Grooming,Trust_Building,aggressor
انتي بالرابع؟ يا حلوك، تعالي قروب الرسم حقي، انا ادلعك فيه,Grooming,Trust_Building,aggressor
بعطيك كورس مونتاج ببلاش، انت تستاهل وانا ما اعرفك الا من هنا,Grooming,Trust_Building,aggressor
خلصت اختبار التوحيد وكان سهل الحمد لله حليت كل شي,Normal,Normal,none
يا عيال فتحت حساب ب ببجي نفس صورة فيصل بالضبط ومحد درى,Cyberbullying,Impersonation,aggressor
يا عمتي وش رايك ب فورتنايت؟ ولدك يقول إنك كنت تحب الألعاب زمان هههه,Normal,Normal,none
تبين اصمم لك صورة للبروفايل؟ مجانا، بس لانك لطيفة,Grooming,Trust_Building,aggressor
"ليش سميتوني ""ام النظارة""؟ انا محتاجتها اشوف",Cyberbullying,Denigration_Humiliation,victim
ههه انت قلت اني موهوبة؟ هذا احلى كلام سمعته من احد بالنت,Grooming,Trust_Building,victim
أنا مره خايف من اختبار الاللغة العربية بكرة دعواتكم لي هههه,Normal,Normal,none
انتي حسابك خاص بس قبلتيني، شكرا، انا من قروب الرسامين,Grooming,Trust_Building,aggressor
البنت اللي بالصف الاول تتكلم لحالها، مجنونة اكيد,Cyberbullying,Denigration_Humiliation,aggressor
كيف ابدأ سالفة مع شخص باللعبة اصغر مني,Grooming,Trust_Building,aggressor
شخص بالديسكورد يقول عمره 17 بس صوته كبير,Grooming,Trust_Building,victim
انت ناضج اكثر من عمرك,Grooming,Trust_Building,aggressor
صورت دفترها، كله رسوم قلوب، بزر,Cyberbullying,Denigration_Humiliation,aggressor
حلو انك اكبر مني، تعطيني نصايح عن المدرسة ههه,Grooming,Trust_Building,victim
ساعدوني يا شباب ايش أساوي لو واحد فتح حساب باسمي ب تويتر؟,Cyberbullying,Impersonation,victim
متابع يقول اني موهوبة وبيساعدني اشتهر,Grooming,Trust_Building,victim
مبروك الفوز يا نورة لعبت اليوم بمستوى بطل,Normal,Normal,none
ليش صورتي سندويشتي؟ امي سوتها لي,Cyberbullying,Denigration_Humiliation,victim
ياخي رهيب لما نسخت حساب ب تويتر باسم محمد وأسوي مشاكل,Cyberbullying,Impersonation,aggressor
قاعدة أساعد أمي في المطبخ نسوي حلا العصر صحيح,Normal,Normal,none
انت كبير بس ما تمل من اسئلتي الكثيرة؟ ههه,Grooming,Trust_Building,victim
أحد سرق صورتي وحطها بتيك توك وينشر مقاطع مو زينة,Cyberbullying,Impersonation,victim
أمي شافت رسائل ب قروب المدرسة مفكرة إني أنا اللي كاتبها وهي مو مني,Cyberbullying,Impersonation,victim
يا ربي زهقت من الحسابات الوهمية اللي باسمي في روبلوكس تكفون,Cyberbullying,Impersonation,victim
"ليش تسموني ""ام الحواجب""؟ انا ما سويت لكم شي",Cyberbullying,Denigration_Humiliation,victim
توي أدري إن فيه حساب ب روبلوكس يقلد صوتي أو اسمي بالحرف,Cyberbullying,Impersonation,victim
يا جماعة هذا اللي يقول انه يعرف برمجة، كوده كله اخطاء ههه,Cyberbullying,Denigration_Humiliation,aggressor
ترى ترى ما احد بالمدرسة يبيه، حتى الاساتذة,Cyberbullying,Denigration_Humiliation,aggressor
ساعدوني يا شباب ايش أساوي لو واحد فتح حساب باسمي ب ماينكرافت؟,Cyberbullying,Impersonation,victim
والله مو أنا اللي كتبت الكلام هذاك ب ماينكرافت هذاك اكونت مزيف,Cyberbullying,Impersonation,victim
قلت لقروب الفصل إني أنا فلان وقعدت أتفلسف عليهم,Cyberbullying,Impersonation,aggressor
بعطيك فلوس بالبلايستيشن ستور، هدية من شخص ما تعرفه بس يقدرك,Grooming,Trust_Building,aggressor
واحد عمره 20 يبي يصير صاحبي باللعبة,Grooming,Trust_Building,victim
انت من السيرفر بس صرت تعرف عني اشياء اكثر من عيال صفي ههه,Grooming,Trust_Building,victim
أجمل عبارات التهنئة بالعيد للأصدقاء والأقارب,Normal,Normal,none
وانت تقول انك 25 بس كلامك مو زي الكبار، احس انك صاحبي,Grooming,Trust_Building,victim
انتي ما تعرفيني بس انا من متابعات حسابك القديم، اشتقت لمحتواك,Grooming,Trust_Building,aggressor
بححث عن طريقة أسوي حساب وهمي ب منصة مدرستي بدون رقم,Cyberbullying,Impersonation,aggressor
انتي لطيفة وحنونة، ما توقعت الاقي احد كذا بالتطبيق,Grooming,Trust_Building,aggressor
قاعد أصور الشاشة وأنا أنتحل شخصية راشد ب فورتنايت بيموتون قهر,Cyberbullying,Impersonation,aggressor
كيف أبلغ إدارة روبلوكس عن شخص منتحل شخصيتي وسارق حسابي؟,Cyberbullying,Impersonation,victim
تصدق اني نمت مبسوطة امس من رسالتك؟ مع اني ما اعرفك,Grooming,Trust_Building,victim
دخلت لعبة ببجي بشخصية شهد وقمت أطرد الناس,Cyberbullying,Impersonation,aggressor
شفتك بالقروب تقولين انك تحبين الطبخ، انا شيف، بعلمك,Grooming,Trust_Building,aggressor
يا جماعة اليوم الأستاذ عطانا واجب طويل الإنقليزي الله يعين,Normal,Normal,none
ليه فيه ناس فاضية تسوي حسابات مزيفة بأسامينا في ببجي؟,Cyberbullying,Impersonation,victim
اليوم الأحد ودايم يكون ثقيل ومتعب أول الأسبوع والله,Normal,Normal,none
أنا اللي كلمت الشباب ب قروب المدرسة مسوي نفسي خالد هههههه,Cyberbullying,Impersonation,aggressor
كيف أقدر أحذف حساب وهمي ب فورتنايت منتحل شخصيتي؟,Cyberbullying,Impersonation,victim
شكرا على الباس يا اللي من سيرفر اوروبا,Grooming,Trust_Building,victim
كيف ارفض هدية من شخص باللعبة بدون ما يزعل,Grooming,Trust_Building,victim
انت اكبر مني بكثير بس تفهم سوالفي,Grooming,Trust_Building,victim
وينك يا خالد قاعد أستناك بالسيرفر صار لي ساعة,Normal,Normal,none
ليش كتبت ان اخوي بالسجن؟ مو صحيح,Cyberbullying,Denigration_Humiliation,victim
اليوم لعبنا كورة بالمدرسة وانطردنا من الساحة هههه هههه,Normal,Normal,none
شكرا على الشدات يا خالي، أنت أحسن خالي بالدنيا الله يحفظك,Normal,Normal,none
أحد سرق صورتي الشخصية ب انستا وقاعد ينشر مقاطع تفشل,Cyberbullying,Impersonation,victim
كيف ارسل شدات لشخص بالسيرفر,Grooming,Trust_Building,aggressor
يا ربي زهقت من الحسابات الوهمية اللي باسمي في تيك توك,Cyberbullying,Impersonation,victim
كل الكلاس يعرف انك تجيب الدرجات بالواسطة,Cyberbullying,Denigration_Humiliation,aggressor
قاعد ألعب بلعبة روبلوكس واسمي نفسي فيصل عشان يظنونه هو,Cyberbullying,Impersonation,aggressor
شكلك تحبين القطط، انا عندي ثلاث، بس كم عمرك انتي؟,Grooming,Trust_Building,aggressor
يا ثقيل الدم، نكتك ما تضحك الا نفسك,Cyberbullying,Denigration_Humiliation,aggressor
أحد سرق صورتي الشخصية ب روبلوكس وقاعد ينشر مقاطع تفشل,Cyberbullying,Impersonation,victim
انا لاحظتك من اول يوم دخلت السيرفر، كنت ساكت بس عجبتني,Grooming,Trust_Building,aggressor
ليش احد كبير يهتم فيني بالنت,Grooming,Trust_Building,victim
انتي لطيفة بالقيم، ما تسبين مثل الباقين، احب كذا,Grooming,Trust_Building,aggressor
ليه بعض العيال يسوون حسابات بأسماءنا ويسببون لنا مشاكل ب ديسكورد؟,Cyberbullying,Impersonation,victim
والله مو أنا اللي كتبت الكلام هذاك ب انستا هذاك اكونت مزيف,Cyberbullying,Impersonation,victim
ليه ما احد يلعب معك؟ تعال انا بصير صاحبك من اليوم,Grooming,Trust_Building,aggressor
ما اعرفك الا من الكومنتات بس كلامك عن قصيدتي خلاني ابكي,Grooming,Trust_Building,victim
البنت ذي كل ما تتكلم بالكلاس تصير حمرا، كيوت؟ لا، مضحكة ههه,Cyberbullying,Denigration_Humiliation,aggressor
يا ويلي على خطها، حتى اخوي الصغير يكتب احسن,Cyberbullying,Denigration_Humiliation,aggressor
شكرا على النصايح بالتمارين، انت كوتش صدق؟ انا ما اعرفك,Grooming,Trust_Building,victim
انتي حتى بالكوري ما تعرفين تقولين شي صح,Cyberbullying,Denigration_Humiliation,aggressor
الله يجزاك خير يا أختي الكبيرة ما قصرت معي والله يطول بعمرك,Normal,Normal,none
تكفين يا ريم قولي لهم يحذفون الصورة، الكل شافها,Cyberbullying,Denigration_Humiliation,victim
أخوي أهداني شدات في فايف ام عشان فزت عليه بالبلايستيشن,Normal,Normal,none
البنت ذي شعرها مثل المكنسة صوروه,Cyberbullying,Denigration_Humiliation,aggressor
"ليش علقتوا ""كرنج"" على كل شي انزله؟",Cyberbullying,Denigration_Humiliation,victim
كتبت تعليق مسيء ب ببجي بحساب هديل والكل صدق,Cyberbullying,Impersonation,aggressor
تقول بتساعدني اسوي قناة؟ انت يوتيوبر كبير وما تعرفني ههه,Grooming,Trust_Building,victim
أنا اللي كلمت الشباب ب تيك توك مسوي نفسي ناصر هههههه,Cyberbullying,Impersonation,aggressor
لقيت حسابك بالاكسبلور ورسمك يجنن، انتي موهوبة اكثر من عمرك,Grooming,Trust_Building,aggressor
شفت ستوريك، انتي حلوة بالرسم والكتابة، ما شاء الله,Grooming,Trust_Building,aggressor
ترى ترى هي جابت هديتها للمعلمة من البقالة ههه,Cyberbullying,Denigration_Humiliation,aggressor
يا ليت الإجازة تبكره تعبنا من الدراسة والاختبارات صحيح,Normal,Normal,none
شكرا على الكتاب الصوتي اللي ارسلته، بعرف وش اسمك الحقيقي؟,Grooming,Trust_Building,victim
يا شباب مين يلعب معي دوبلز في ماينكرافت؟,Normal,Normal,none
كيف ارسل فيبكس هدية لشخص ما اعرفه,Grooming,Trust_Building,aggressor
هل أقدر أشتكي على شخص انتحل شخصيتي وسوى حساب باسمي؟,Cyberbullying,Impersonation,victim
نسخت بوستات جوري ونشرتها بحسابي الوهمي ب قروب المدرسة ههههه,Cyberbullying,Impersonation,aggressor
شوفوا تيك توكها، ترقص وهي ما تعرف حطيت كومنت,Cyberbullying,Denigration_Humiliation,aggressor
"يا بنات خلونا نحط تعليق "" "" على كل صورة لها",Cyberbullying,Denigration_Humiliation,aggressor
ليش ارتحت لشخص ما اعرفه من النت,Grooming,Trust_Building,victim
شوفوا رجولها بالصورة، مثل رجول الرجال,Cyberbullying,Denigration_Humiliation,aggressor
ما ادري ليه بس ارتحت اقولك عن يومي، مع اننا توه نتعرف,Grooming,Trust_Building,victim
أنا منصدم واحد مسوي حساب ب تويتر بنفس صورتي واسمي الثلاثي,Cyberbullying,Impersonation,victim
"يا بنات خلونا كلنا نكتب ""هههه"" اذا كتبت شي بالقروب",Cyberbullying,Denigration_Humiliation,aggressor
فزت على أختي ب فيفا وقعدت تصيح تبي تعيد القيم هههه,Normal,Normal,none
انت كبير وتلعب ماين كرافت؟ ههه حلو نبني سوا,Grooming,Trust_Building,victim
سويت نفس اسم فهد وصورته ب تويتر وقاعد أرد على المدرسين,Cyberbullying,Impersonation,aggressor
بس انت كبير مره عني، كيف تحب تسولف معي؟ بس عادي احس اني مرتاحة,Grooming,Trust_Building,victim
أحد عنده فكرة كيف أختم المرحلة العاشرة في روبلوكس؟ تعبت,Normal,Normal,none
البنت ذي بالبث كانت تتلعثم، قصيت المقطع ونزلته,Cyberbullying,Denigration_Humiliation,aggressor
توني لاقيتك بالتعليقات بس حسيتك شخص حلو، كم عمرك؟,Grooming,Trust_Building,aggressor
ليه بعض العيال يسوون حسابات بأسماءنا ويسببون لنا مشاكل ب انستا؟,Cyberbullying,Impersonation,victim
يا ماما البنات يتمسخرون على رجولي بالصور,Cyberbullying,Denigration_Humiliation,victim
ههههه انت تضحك والله، كيف لقيت حسابي اصلا؟,Grooming,Trust_Building,victim
ليش تقولين اني دلوعة؟ انا ابي درجة كاملة بس,Cyberbullying,Denigration_Humiliation,victim
خلصت اختبار التوحيد وكان سهل الحمد لله حليت كل شي شكرا,Normal,Normal,none
يا عيال فتحت حساب ب ماينكرافت نفس صورة ريماس بالضبط ومحد درى,Cyberbullying,Impersonation,aggressor
يا شباب انتبهوا من أي رسالة تجيكم من حساب ب سناب يحمل اسمي,Cyberbullying,Impersonation,victim
اوكي اعطيك رايي بمقاطعك وانت عطني رايك بمقاطعي، اتفقنا يا الغريب,Grooming,Trust_Building,victim
تكفون يا عيال اعملوا بلاغ على الحساب المزيف اللي باسمي ب منصة مدرستي,Cyberbullying,Impersonation,victim
كم عمرك يا بطل؟ شفتك تلعب بالبطولة اونلاين وفزت,Grooming,Trust_Building,aggressor
شخص بالنت يقول انا مميزة,Grooming,Trust_Building,victim
منو اللي لبس ثوب اخوه الكبير؟ شكلك مثل الخيمة,Cyberbullying,Denigration_Humiliation,aggressor
انت تحب القراءة؟ نادر بعمرك، بعطيك كتب الكترونية حلوة,Grooming,Trust_Building,aggressor
وش هواياتك؟ ابي اعرف عنك اكثر، توني لاقي حسابك,Grooming,Trust_Building,aggressor
ليش تقولين ان ابوي ما يقدر يشتري لي؟ عيب,Cyberbullying,Denigration_Humiliation,victim
انا اعرف ان جوالي قديم، بس ليش تضحكون؟,Cyberbullying,Denigration_Humiliation,victim
ياخي رهيب لما فتحت حساب ب فورتنايت باسم فهد وأسوي مشاكل,Cyberbullying,Impersonation,aggressor
شوفوا كيف تمشي بالعباية، مثل البطة,Cyberbullying,Denigration_Humiliation,aggressor
كيف أبلغ إدارة ببجي عن شخص منتحل شخصيتي وسارق حسابي؟,Cyberbullying,Impersonation,victim
يا عيال مين يبي نلعب تيم دات ماتش في ببجي؟,Normal,Normal,none
يا حلوك وانت تلعب، كم عمرك يا صغير؟,Grooming,Trust_Building,aggressor
عطوني سكنات حلوة في فيفا ودي أشتري بس متخوف,Normal,Normal,none
أنا اللي فتحت حساب نوف ب ديسكورد وقعدت أكلم صاحبه,Cyberbullying,Impersonation,aggressor
قاعد أقرأ كتاب مغامرات جديد مره حلو وممتع,Normal,Normal,none
"انا اقول ""امم"" لاني افكر، ليش تتمسخرون",Cyberbullying,Denigration_Humiliation,victim
"ليش علقتي ""مين سمح لك تتصورين""؟ انا ما سويت لك شي",Cyberbullying,Denigration_Humiliation,victim
انا ما احب ابين، بس اللي صار اليوم بالقروب جرحني,Cyberbullying,Denigration_Humiliation,victim
طريقة كيف تنتحل شخصية صديقك ب فورتنايت وتكلم أهله ههههه,Cyberbullying,Impersonation,aggressor
كلام يخلي الشخص يحس انه مميز,Grooming,Trust_Building,aggressor
ليش صارت صورتي بالمخيم ميم؟ احذفوها تكفون,Cyberbullying,Denigration_Humiliation,victim
انتي بالسادس؟ ههه وتتابعين نفس المسلسل؟ ذوقك كبير,Grooming,Trust_Building,aggressor
اوكي بقولك عن هواياتي انت اول واحد من الانستا يسألني,Grooming,Trust_Building,victim
يا حلوة انتي تكتبين قصص؟ ارسلي لي، انا احب اقرا للمواهب الصغيرة,Grooming,Trust_Building,aggressor
يا حصة تعال دخلني السيرفر حقك في ماينكرافت بسرعة,Normal,Normal,none
تقول عمرك 30 ههه عادي انت مو كبير بالسوالف,Grooming,Trust_Building,victim
حلو اننا نحب نفس الانمي، تعرفت عليك من الكومنتات وصرنا اصحاب,Grooming,Trust_Building,victim
انا ما ادعي اني اعرف كوري، اتعلم بس,Cyberbullying,Denigration_Humiliation,victim
دخلت لعبة ماينكرافت بشخصية لمى وقمت أطرد الناس,Cyberbullying,Impersonation,aggressor
شكلك بالصورة المدرسية مثل المتهم,Cyberbullying,Denigration_Humiliation,aggressor
منو اللي لابس نظارة مثل قعر الكاسة؟ ههههه,Cyberbullying,Denigration_Humiliation,aggressor
انتي موهوبة,Grooming,Trust_Building,aggressor
متحمس والله اليوم من المدرسة نومي كان قليل أمس صحيح,Normal,Normal,none
انتي عمرك 22 وتقولين اني اذكى من بنات جامعتك؟ ههه,Grooming,Trust_Building,victim
أحد عنده فكرة كيف أختم المرحلة العاشرة في ببجي؟ تعبت,Normal,Normal,none
انتي حسابك جديد بس محتواك حلو، انا اول داعمة لك,Grooming,Trust_Building,aggressor
دخلت سيرفر فورتنايت مسوي نفسي غلا وقمت أسب خوينا,Cyberbullying,Impersonation,aggressor
ماما سوت فطاير دجاج اليوم تفتح النفس بالعافية علينا,Normal,Normal,none
يا ربي زهقت من الحسابات الوهمية اللي باسمي في تويتر,Cyberbullying,Impersonation,victim
سويت نفس اسم ديم وصورته ب منصة مدرستي وقاعد أرد على المدرسين,Cyberbullying,Impersonation,aggressor
حتى الصغار بالحارة صاروا يقلدوني بسبب المقطع,Cyberbullying,Denigration_Humiliation,victim
انا مو دبة، ليش كل يوم تقولون كذا قدام الكل,Cyberbullying,Denigration_Humiliation,victim
مين يحب بيتزا جبنة؟ طلبت وحدة كبيرة لي ولأخواني,Normal,Normal,none
انا متأكدة انها تشتري متابعين، ما احد يتابعها صدق ههه,Cyberbullying,Denigration_Humiliation,aggressor
يا عيال مين يبي نلعب تيم دات ماتش في فايف ام؟,Normal,Normal,none
كيف أبلغ إدارة واتساب عن شخص منتحل شخصيتي وسارق حسابي؟ تكفون,Cyberbullying,Impersonation,victim
واحد بالكلان عطاني جواهر وقال انت صاحبي,Grooming,Trust_Building,victim
كتبت فيك قصيدة هجاء ونزلتها بالقروب، اقرا وتعلم,Cyberbullying,Denigration_Humiliation,aggressor
كيف اخلي احد يعتبرني صاحبه المفضل,Grooming,Trust_Building,aggressor
ههه لا ما اعرف اسمك الحقيقي بس احس اني ارتحت لك,Grooming,Trust_Building,victim
قاعد أصور الشاشة وأنا أنتحل شخصية صالح ب قروب المدرسة بيموتون قهر,Cyberbullying,Impersonation,aggressor
منهو الغبي اللي حط الباب مفتوح كذا؟ هههه امزح يا بطل,Normal,Normal,none
تكفى يا استاذ، الطلاب نزلوا مقطعي وانا اقرا وصاروا يضحكون,Cyberbullying,Denigration_Humiliation,victim
دخلت اكونت تيك توك وهمي باسم غلا وقاعد أضحك على العالم,Cyberbullying,Impersonation,aggressor
شخص يقولي انت مختلف عن اللي بعمرك,Grooming,Trust_Building,victim
"حتى بالبث كتبوا عني ""مضحكة""، طفيت البث",Cyberbullying,Denigration_Humiliation,victim
البنت ذي تحب الانمي، وش هالبزارة,Cyberbullying,Denigration_Humiliation,aggressor
ليش طلعتوا ردي على الاستاذة بالقروب؟,Cyberbullying,Denigration_Humiliation,victim
كل يوم استنى ردك على الستوري ههه وانا ما اعرفك اصلا,Grooming,Trust_Building,victim
انت كبير بس تفهم اني ابي اصير يوتيوبر,Grooming,Trust_Building,victim
أبشرك يا خالي جبت درجات عالية بالاختبار اليوم الحمد لله,Normal,Normal,none
البنت ذي ما تعرف تلعب ولا لعبة، نوب بكل شي,Cyberbullying,Denigration_Humiliation,aggressor
يا نوبة روحي العبي باربي احسن لك,Cyberbullying,Denigration_Humiliation,aggressor
كسلان والله اليوم من المدرسة نومي كان قليل أمس هههه,Normal,Normal,none
"انا مو ""النوب الاسطوري""، انا ابي العب وبس",Cyberbullying,Denigration_Humiliation,victim
أنا اللي كلمت الشباب ب سناب مسوي نفسي سلطان هههههه,Cyberbullying,Impersonation,aggressor
معنى لما احد يقول انك ناضجة اكثر من عمرك,Grooming,Trust_Building,victim
أنا وأخوي الصغير قاعدين نرتب غرفتنا عشان ماما تفرح فينا صحيح,Normal,Normal,none
أنا منصدم واحد مسوي حساب ب روبلوكس بنفس صورتي واسمي الثلاثي,Cyberbullying,Impersonation,victim
ليش قلتي ان صحني كبير بالحفلة؟ فشلتيني,Cyberbullying,Denigration_Humiliation,victim
انت تستاهل كل الدعم، بخلي متابعيني يتابعونك,Grooming,Trust_Building,aggressor
انتي شكلك هادية بس فيك شخصية، كم عمرك؟,Grooming,Trust_Building,aggressor
حتى البوتات تفوز عليك ههههههه,Cyberbullying,Denigration_Humiliation,aggressor
انا اكبر منك بس ما احب الناس اللي بعمري، انت احسن,Grooming,Trust_Building,aggressor
انا ما اعرف احد بقروب الحي غيرك، انتي لطيفة معي,Grooming,Trust_Building,aggressor
انت تحب الطيور؟ عندي ببغاء، بوريك اياه بالبث ههه، كم عمرك؟,Grooming,Trust_Building,aggressor
ماما سوت مشاوي دجاج اليوم تفتح النفس بالعافية علينا شكرا,Normal,Normal,none
يا عيال فيه واحد مسوي حساب وهمي ب واتساب باسمي ويسب العالم,Cyberbullying,Impersonation,victim
شكرا انك صدقت فيني لما قلت ابي اصير مصممة، انت ما تعرفني حتى,Grooming,Trust_Building,victim
شكرا يا خالتي على التوصيلة للمدرسة اليوم ريحتني الله يسعدك,Normal,Normal,none
ليه فيه ناس فاضية تسوي حسابات مزيفة بأسامينا في تيك توك؟,Cyberbullying,Impersonation,victim
يا عيال شوفوا سويت حساب ديسكورد مطابق لحساب ريان بالحرف,Cyberbullying,Impersonation,aggressor
تكفون يا عيال اعملوا بلاغ على الحساب المزيف اللي باسمي ب انستا,Cyberbullying,Impersonation,victim
أحب أرسم بالألوان المائية بس دايم أوسخ يدي ههه هههه,Normal,Normal,none
يا أختي الكبيرة تكفا علمني كيف أحل المسألة هذه بالرياضيات تعبت وانا افكر فيها,Normal,Normal,none
ليش تقولون ان شخصيتي ثقيلة؟ انتو ما تعرفوني,Cyberbullying,Denigration_Humiliation,victim
انت كبير بالعمر بس تحب السبونج بوب؟ ههه زيي,Grooming,Trust_Building,victim
كل يوم بعطيك فلوس باللعبة لو تكلمني، اوك؟,Grooming,Trust_Building,aggressor
أنا وحصة قاعدين نبني بيت كبير في ماينكرافت تعالوا شوفوه,Normal,Normal,none
انا شفت اللي كتبتيه عني بالقروب الثاني,Cyberbullying,Denigration_Humiliation,victim
شكرا على التبرع بالبث، ما توقعت احد ما يعرفني يدعمني,Grooming,Trust_Building,victim
ترى ترى هي تبكي اذا جات الدرجة 9 من 10، دلوعة,Cyberbullying,Denigration_Humiliation,aggressor
يا شيخ انت ما تعرفني وتعطيني نصايح للمدرسة، مشكور,Grooming,Trust_Building,victim
لا تخاف مني، انا بس شخص من اللعبة يحب يساعد,Grooming,Trust_Building,aggressor
اسئلة اسألها شخص تعرفت عليه اونلاين,Grooming,Trust_Building,aggressor
يا رائد تعال دخلني السيرفر حقك في ماينكرافت بسرعة,Normal,Normal,none
شفتك تسأل عن الالعاب بالقروب، انا عندي حسابات كثير اعطيك واحد,Grooming,Trust_Building,aggressor
انت عمرك قد خالي بس طيب معي,Grooming,Trust_Building,victim
سويت نفس اسم ديم وصورته ب ديسكورد وقاعد أرد على المدرسين,Cyberbullying,Impersonation,aggressor
كلام حلو اقوله لشخص تعرفت عليه بالنت,Grooming,Trust_Building,aggressor
امي زعلانة مني بسبب رسائل مو أنا اللي ارسلتها بس الجوال انسرق,Cyberbullying,Impersonation,victim
انت من النت بس تعرف تشرح الواجب احسن من المعلمة,Grooming,Trust_Building,victim
انتي تحبين الخيل؟ انا بعد! عندي صور حلوة بعطيك، كم عمرك؟,Grooming,Trust_Building,aggressor
أنا اللي كلمت الشباب ب واتساب مسوي نفسي شهد هههههه,Cyberbullying,Impersonation,aggressor
انا بنت عادية بس انت تخليني احس اني مميزة، شكرا يا صاحب اليوزر الغريب,Grooming,Trust_Building,victim
ليه فيه ناس فاضية تسوي حسابات مزيفة بأسامينا في ديسكورد؟,Cyberbullying,Impersonation,victim
الجو برا اليوم غبار شوي بس الهواء عليل,Normal,Normal,none
ليش طلعتي خطي العربي بالقروب؟ انا اتدرب,Cyberbullying,Denigration_Humiliation,victim
وينك يا هند قاعد أستناك بالسيرفر صار لي ساعة,Normal,Normal,none
كتبت تعليق مسيء ب سناب بحساب مها والكل صدق,Cyberbullying,Impersonation,aggressor
عبدالله اغبى واحد بالفصل، حتى سؤال اثنين زائد اثنين يغلط فيه,Cyberbullying,Denigration_Humiliation,aggressor
انت شاطر بالرسم؟ ارسل لي رسمك، انا احب اشوف شغل الصغار الموهوبين,Grooming,Trust_Building,aggressor
شكرا يا اخوي الكبير، صحيح ما اعرفك الا من السناب بس طيب,Grooming,Trust_Building,victim
خلصت اختبار التوحيد وكان سهل الحمد لله حليت كل شي والله,Normal,Normal,none
البنت ذي تقول انها تعرف كوري، بس تعرف كلمتين ههه,Cyberbullying,Denigration_Humiliation,aggressor
أنا اللي كلمت الشباب ب ماينكرافت مسوي نفسي صالح هههههه,Cyberbullying,Impersonation,aggressor
خلونا نقص صورتها من الرحلة ونحطها بالقروب الكبير,Cyberbullying,Denigration_Humiliation,aggressor
يا رجال انت ما تعرفني بس عطيتني نصيحة عن الثانوي احسن من اخوي,Grooming,Trust_Building,victim
غريب يعطيني نيترو ديسكورد ليش,Grooming,Trust_Building,victim
كل ما تتكلم الكل يسكت عشان يضحكون على صوتها,Cyberbullying,Denigration_Humiliation,aggressor
انتي ناضجة اكثر من عمرك، احب اسولف معك,Grooming,Trust_Building,aggressor
انت تلعب كل يوم؟ انا بعد! خلنا نلعب سوا من اليوم,Grooming,Trust_Building,aggressor
كيف ابلغ عن مقطع فيه وجهي بالتيك توك,Cyberbullying,Denigration_Humiliation,victim
ياخي رهيب لما أخذت حساب ب تويتر باسم مها وأسوي مشاكل,Cyberbullying,Impersonation,aggressor
يا عمري تعليقك عند البلوقر ضحكني، انتي مره دمك خفيف,Grooming,Trust_Building,aggressor
كيف انشر اشاعة بالمدرسة بسرعة,Cyberbullying,Denigration_Humiliation,aggressor
يا حلوة انتي جديدة بالتيليقرام؟ تعالي قروبنا، انا اكبر وحدة فيه وبهتم فيك,Grooming,Trust_Building,aggressor
خذي هالحيوان النادر باللعبة، هدية من صاحبتك الجديدة,Grooming,Trust_Building,aggressor
ياخي انت ما تعرفني بس كلامك عن الاخوياء الصح فتح عيوني,Grooming,Trust_Building,victim
شوفوا مقطعه لما حاول يسوي باركور، فشل تاريخي,Cyberbullying,Denigration_Humiliation,aggressor
يا بنات شوفوا ردها على الاستاذة، غبي مره ههه,Cyberbullying,Denigration_Humiliation,aggressor
كيف اكسب ود شخص باللعبة,Grooming,Trust_Building,aggressor
انا مستحية اطلع جوالي قدامهم، كلهم يتمسخرون عليه,Cyberbullying,Denigration_Humiliation,victim
شكلك مثل الكرتون اللي بالقناة الاولى ههههه,Cyberbullying,Denigration_Humiliation,aggressor
انا ما ابي ارد عليهم، بس كلامهم بالكومنتات يوجع,Cyberbullying,Denigration_Humiliation,victim
كل شي تسوينه فاشل، من الطبخ للرسم للدراسة,Cyberbullying,Denigration_Humiliation,aggressor
القاب للبنات الثقيلات,Cyberbullying,Denigration_Humiliation,aggressor
يا عمتي طلبت لك قهوة زي ما تحب الحين أجيبها لك وأنت قاعد بالمجلس,Normal,Normal,none
أنا وعبدالله قاعدين نبني بيت كبير في ماينكرافت تعالوا شوفوه,Normal,Normal,none
كتبت تعليق مسيء ب تليجرام بحساب جود والكل صدق,Cyberbullying,Impersonation,aggressor
كم عمرك؟ لاحظت انك تكتبين بطريقة كيوت ههه,Grooming,Trust_Building,aggressor
يا خالتي الحساب اللي ب تليجرام اللي يسب مو انا والله تكفون,Cyberbullying,Impersonation,victim
يا أختي اكتبي لي المحاضرة اللي راحت علي بليز هههه,Normal,Normal,none
تكفون بلغوا عن حساب ب ماينكرافت حاط صورتي واسمي ويسيء للناس,Cyberbullying,Impersonation,victim
الولد ذا لا يعرف يلعب ولا يدرس، وش فايدته؟,Cyberbullying,Denigration_Humiliation,aggressor
كتبت تعليق مسيء ب قروب المدرسة بحساب سارة والكل صدق,Cyberbullying,Impersonation,aggressor
دخلت سيرفر منصة مدرستي مسوي نفسي عمر وقمت أسب خوينا,Cyberbullying,Impersonation,aggressor
انتي تكتبين خواطر حلوة، انا اكبر منك واقدرها,Grooming,Trust_Building,aggressor
يا حلو انت فزت علي! ابد ما توقعت من احد بعمرك,Grooming,Trust_Building,aggressor
نزلت مقطعه وهو يطيح بالطابور، الكل لازم يشوفه هههه,Cyberbullying,Denigration_Humiliation,aggressor
نزلت صورته وهو نايم بالحصة، تعليقات الناس تموت ضحك,Cyberbullying,Denigration_Humiliation,aggressor
انت كبير وتعرف كل شي عن الجامعات، شكرا على النصايح يا غريب,Grooming,Trust_Building,victim
"يا جماعة شوفوا كيف تكتب ""إن شاء الله"" غلط ههههه",Cyberbullying,Denigration_Humiliation,aggressor
يا جماعة صفقوا للنوب، اخيرا قتل واحد ههههههه,Cyberbullying,Denigration_Humiliation,aggressor
ما اعرفك الا بالصوت بس احس انك اخوي الكبير,Grooming,Trust_Building,victim
انا احب الانمي، وش فيها؟ ليش تقولين بزارة,Cyberbullying,Denigration_Humiliation,victim
يا شباب هذا اللي يقول انه قوي، شوفوا يده مثل العود ههههه,Cyberbullying,Denigration_Humiliation,aggressor
سويت نفس اسم فاطمة وصورته ب واتساب وقاعد أرد على المدرسين,Cyberbullying,Impersonation,aggressor
يا شباب انتبهوا من أي رسالة تجيكم من حساب ب ماينكرافت يحمل اسمي,Cyberbullying,Impersonation,victim
يا بنات شوفوا كيف تكتب اسمها بالخط العربي، مثل الشخبطة,Cyberbullying,Denigration_Humiliation,aggressor
يا عيال فيه واحد مسوي حساب وهمي ب ديسكورد باسمي ويسب العالم,Cyberbullying,Impersonation,victim
البنت ذي جات المدرسة بشعر مقصوص، شكلها مثل الولد,Cyberbullying,Denigration_Humiliation,aggressor
انت تقول اني ذكية وناضجة؟ اول مرة احد غريب يقولها,Grooming,Trust_Building,victim
يا جماعة اكونتي ب قروب المدرسة مسروق وفيه شخص يكلم الناس بدلي,Cyberbullying,Impersonation,victim
انتي من البنات اللي بالكلاس الاونلاين؟ ما شفتك بس كلامك عجبني,Grooming,Trust_Building,aggressor
يا حلو انت تحب المغامرات؟ عندي لعبة حلوة بعلمك اياها,Grooming,Trust_Building,aggressor
شخص بالنت يقول انا احسن وحدة يكلمها,Grooming,Trust_Building,victim
أنا مره خايف من اختبار الالعلوم بكرة دعواتكم لي هههه,Normal,Normal,none
انت من النت بس تحسسني اني مهم,Grooming,Trust_Building,victim
ههههه شكلك يفشل وأنت نايم بالحصة الله يرجك يا صاحبي,Normal,Normal,none
يا ولد انت ذكي، شفت اسئلتك بالقروب وما توقعت انك صغير,Grooming,Trust_Building,aggressor
ههه انت قلت اني نفس اختك الصغيرة؟ يعني عمرك كبير مره,Grooming,Trust_Building,victim
انت ما تعرفني بس شجعتني اكمل الرسمة,Grooming,Trust_Building,victim
شكرا على الفلتر اللي سويته لي مين انت اصلا ههه,Grooming,Trust_Building,victim
أنا سويت حساب مشابه ل غلا ب انستا بحرف زايد عشان ما ينتبهون,Cyberbullying,Impersonation,aggressor
كيف اعرف اذا الشخص اللي بالنت صادق,Grooming,Trust_Building,victim
تكفى لا تنزل فويسي بالقروب، انا اتأتئ وتدري,Cyberbullying,Denigration_Humiliation,victim
انا 14 وانت 10؟ عادي، انت افهم من اللي بعمري,Grooming,Trust_Building,aggressor
انتي بالصف الكم؟ عشان اعطيك ملخصات، انا خلصته قبلك,Grooming,Trust_Building,aggressor
اسكت انت ما تفهم شي، رايك ما يهم احد بالقروب,Cyberbullying,Denigration_Humiliation,aggressor
يا خالتي الحساب اللي ب ديسكورد اللي يسب مو انا والله,Cyberbullying,Impersonation,victim
حتى ولد عمي شاف الميم، صار يضحك علي,Cyberbullying,Denigration_Humiliation,victim
ترى اخوه الكبير يلعب معنا ويقول انه مضحكة البيت,Cyberbullying,Denigration_Humiliation,aggressor
مبروك الفوز يا ماجد لعبت اليوم بمستوى بطل,Normal,Normal,none
انتي ردودك تضحك، كل يوم ادخل حسابك عشان اقرا تعليقاتك,Grooming,Trust_Building,aggressor
البنت ذي تسوي نفسها ذكية بالحصة، الكل يضحك عليها وراها,Cyberbullying,Denigration_Humiliation,aggressor
وش ذا الاسم؟ اسم قديم مثل جدك ههههه,Cyberbullying,Denigration_Humiliation,aggressor
أنا سويت حساب مشابه ل فهد ب ديسكورد بحرف زايد عشان ما ينتبهون,Cyberbullying,Impersonation,aggressor
صرت انتظرك تدخل كل يوم بعد العصر مع اني ما اعرفك,Grooming,Trust_Building,victim
يا حلوة صوتك بالقيم مره صغير، كم عمرك؟ ههه,Grooming,Trust_Building,aggressor
ههههه لا تقول اني كيوت، بس شكرا يا الشخص اللي ما اعرفه,Grooming,Trust_Building,victim
شكرا انك سويت لي بيت بالماين كرافت ما توقعت احد ما اعرفه يسويها,Grooming,Trust_Building,victim
بعطيك كتب تلوين رقمية، شي بسيط لصاحبتي الصغيرة من النت,Grooming,Trust_Building,aggressor
انا مو بزر عشان احب الكرتون، كل الناس تحبه,Cyberbullying,Denigration_Humiliation,victim
شكرا على الكوينز بالتطبيق كيف عرفت اني ابيهم وانت ما تعرفني,Grooming,Trust_Building,victim
يا عيال مين خلص مشروع العلوم حق الأستاذ أحمد؟ شكرا,Normal,Normal,none
يا ليت الإجازة تبكره تعبنا من الدراسة والاختبارات شكرا,Normal,Normal,none
اوكي انا ولد عمري 12 وانت؟ ليش تسولف معي يعني ههه,Grooming,Trust_Building,victim
انت ولد مؤدب، نادر بالتويتر، خلنا نتابع بعض,Grooming,Trust_Building,aggressor
سويت نفس اسم محمد وصورته ب سناب وقاعد أرد على المدرسين,Cyberbullying,Impersonation,aggressor
انت ولد محترم، نادر الاقي احد كذا بالقيمز اللي اعرفها,Grooming,Trust_Building,aggressor
قاعد أصور الشاشة وأنا أنتحل شخصية شهد ب ديسكورد بيموتون قهر,Cyberbullying,Impersonation,aggressor
قاعد ألعب بلعبة قروب المدرسة واسمي نفسي فهد عشان يظنونه هو,Cyberbullying,Impersonation,aggressor
بححث عن طريقة أسوي حساب وهمي ب فورتنايت بدون رقم,Cyberbullying,Impersonation,aggressor
نسخت بوستات محمد ونشرتها بحسابي الوهمي ب ديسكورد,Cyberbullying,Impersonation,aggressor
وينك يا محمد قاعد أستناك بالسيرفر صار لي ساعة,Normal,Normal,none
انتي ثقيلة دم لدرجة الكل يطلع من الكول لما تدخلين,Cyberbullying,Denigration_Humiliation,aggressor
يا حلو تحب القصص المرعبة؟ عندي كثير، بعطيك، كم عمرك؟,Grooming,Trust_Building,aggressor
"حتى بالسيرفر صاروا ينادوني ""النوب""، زهقت",Cyberbullying,Denigration_Humiliation,victim
وش هالضحكة يا رجال؟ مثل الصفارة ههههه,Cyberbullying,Denigration_Humiliation,aggressor
يا حلوه وهو يحاول يسوي تريند، فضيحة والله,Cyberbullying,Denigration_Humiliation,aggressor
شوفوا صورتها بالتخرج، شكلها مثل العروسة اللي بالسوق ههههه,Cyberbullying,Denigration_Humiliation,aggressor
يا حلوك وانت تسوي نفسك فاهم، الكل يضحك وراك,Cyberbullying,Denigration_Humiliation,aggressor
خلاص ما بشارك بالحصة، الكل يضحك لما اتكلم,Cyberbullying,Denigration_Humiliation,victim
شوفوا ضحكتها، كأنها ماعز,Cyberbullying,Denigration_Humiliation,aggressor
كيف أحل صفحة 45 كتاب الرياضيات الصف الأول متوسط,Normal,Normal,none
الويكند هذا بنسافر الرياض نزور جدتي وجدي شكرا,Normal,Normal,none
كل ما تكتب بالقروب نطلع غلطاتك الاملائية,Cyberbullying,Denigration_Humiliation,aggressor
يا الله انت من الديسكورد وتعرف تبرمج العاب؟ علمني,Grooming,Trust_Building,victim
دخلت سيرفر تويتر مسوي نفسي فاطمة وقمت أسب خوينا ههههه,Cyberbullying,Impersonation,aggressor
توي أدري إن فيه حساب ب تيك توك يقلد صوتي أو اسمي بالحرف,Cyberbullying,Impersonation,victim
ليش كل ما اكتب جملة يصورونها ويحطونها بالقروب؟,Cyberbullying,Denigration_Humiliation,victim
شوفوا ملابسها بالعيد، شكلها من محل ابو ريالين,Cyberbullying,Denigration_Humiliation,aggressor
يا جماعة شوفوا وجه البطل لما خسر، سكرين تاريخي,Cyberbullying,Denigration_Humiliation,aggressor
ليه بعض العيال يسوون حسابات بأسماءنا ويسببون لنا مشاكل ب فورتنايت؟ تكفون,Cyberbullying,Impersonation,victim
حلو انك تحب نفس الكتب، اول مرة الاقي احد كذا بالتيليقرام,Grooming,Trust_Building,victim
انتي تحبين الشعر؟ انا شاعرة، بكتب لك بيت بس كم عمرك؟,Grooming,Trust_Building,aggressor
ههههه طيب انت فزت، بقولك عمري، بس انت قول وش تشتغل,Grooming,Trust_Building,victim
يا شباب نسخت جروب واتساب جديد وسميته على اسم ديم وأرسل نكت,Cyberbullying,Impersonation,aggressor
انا اكبر منك بس ما عندي مشكلة اكون اكثر واحد يدعمك,Grooming,Trust_Building,aggressor
ترى ترى صاحبتها قالت لي انها ما تعرف تقرا الساعة ههه,Cyberbullying,Denigration_Humiliation,aggressor
قاعد أصور الشاشة وأنا أنتحل شخصية تركي ب سناب بيموتون قهر,Cyberbullying,Impersonation,aggressor
شكرا يا أخوي الكبير على التوصيلة للمدرسة اليوم ريحتني الله يسعدك,Normal,Normal,none
خلاص فهمت اني ما اعرف شي، تكفون وقفوا,Cyberbullying,Denigration_Humiliation,victim
ارتحت اسولف معك عن المشاكل، انت ما تعرف احد من اللي اعرفهم,Grooming,Trust_Building,victim
شكرا على الشدات يا أختي الكبيرة، أنت أحسن أختي الكبيرة بالدنيا الله يحفظك,Normal,Normal,none
حطيت بالقروب سكرين لسؤالها الغبي للاستاذة,Cyberbullying,Denigration_Humiliation,aggressor
مبروك الفوز يا فيصل لعبت اليوم بمستوى بطل,Normal,Normal,none
شوفوا الفيديو، صوته طلع مثل الديك بالاغنية,Cyberbullying,Denigration_Humiliation,aggressor
ليش نزلتي مقطعي وانا اطيح من الدرج؟ رجلي انجرحت,Cyberbullying,Denigration_Humiliation,victim
ترى ترى ما راح نختارك بالفريق، انت تلعب مثل جدتي,Cyberbullying,Denigration_Humiliation,aggressor
ما تعرفني بس قريت كل تغريداتك، انتي تكتبين احسن من الكبار,Grooming,Trust_Building,aggressor
منو يبي يشوف دفتره؟ كله شخابيط وكلام غلط,Cyberbullying,Denigration_Humiliation,aggressor
هدايا روبلوكس لشخص ما اعرفه,Grooming,Trust_Building,aggressor
"كتبت تحت صورتها ""فلتر ولا وجه حقيقي؟"" ههه",Cyberbullying,Denigration_Humiliation,aggressor
أفضل طريقة لانتحال شخصية مشهور ب تليجرام عشان يتابعوني,Cyberbullying,Impersonation,aggressor
انتي ما شاء الله عليك، بعمرك وتعرفين تصممين مواقع؟,Grooming,Trust_Building,aggressor
ليش شخص كبير يقول اني ذكي بالنسبة لعمري,Grooming,Trust_Building,victim
انت من المتابعين الجدد صح؟ حسيتك قريب، كم عمرك,Grooming,Trust_Building,aggressor
دخلت سيرفر تيك توك مسوي نفسي ناصر وقمت أسب خوينا,Cyberbullying,Impersonation,aggressor
انت ما تعرفني بس عرفت اني زعلانة من كلامي، شكرا انك سألت,Grooming,Trust_Building,victim
أخوي أهداني شدات في ماينكرافت عشان فزت عليه بالبلايستيشن,Normal,Normal,none
حطيت فيديو له وهو يسوي يوغا ههههه فضيحة,Cyberbullying,Denigration_Humiliation,aggressor
اسمع، شكرا على الهدية بالانستا لايف، هذي اول مرة,Grooming,Trust_Building,victim
انا ابي احذف حسابي، كل الكومنتات تتمسخر علي,Cyberbullying,Denigration_Humiliation,victim
خذ هالبطاقة اشحن فيها، انت ما تعرفني بس انا احب اعطي,Grooming,Trust_Building,aggressor
انتي ذكية وواضح عليك، ما تشبهين البنات اللي بعمرك,Grooming,Trust_Building,aggressor
انا مو كسول، بس تعبان، ليش تكتبون عني كذا,Cyberbullying,Denigration_Humiliation,victim
شكرا على الاشتراك بنتفلكس يا اللي من الديسكورد، ليه تعطيني؟ ههه,Grooming,Trust_Building,victim
انتي صرتي من اقرب المتابعات لي، احس اني اعرفك,Grooming,Trust_Building,aggressor
ليش سويتي تصويت عني؟ تحسبينه مضحك؟,Cyberbullying,Denigration_Humiliation,victim
كيف أقدر أحذف حساب وهمي ب منصة مدرستي منتحل شخصيتي؟,Cyberbullying,Impersonation,victim
طيب اسولف معك شوي، انت الوحيد من متابعيني اللي يرد على طول,Grooming,Trust_Building,victim
شكرا يا اللي ما اعرفه على الحيوان النادر,Grooming,Trust_Building,victim
كيف أبلغ إدارة قروب المدرسة عن شخص منتحل شخصيتي وسارق حسابي؟,Cyberbullying,Impersonation,victim
خلاص ابي اغير اليوزر، الكل يعرفني من المقطع,Cyberbullying,Denigration_Humiliation,victim
يا عيال دخلت حساب ب تليجرام نفس صورة ريماس بالضبط ومحد درى,Cyberbullying,Impersonation,aggressor
شفت تعليقك بالتويتر عن المدرسة، احسك ولد واعي اكثر من عمرك,Grooming,Trust_Building,aggressor
البنت ذي ضحكتها تفشل، كأنها تشهق ههههه,Cyberbullying,Denigration_Humiliation,aggressor
انا اكتب شعر عشان احب، مو عشان تضحكون,Cyberbullying,Denigration_Humiliation,victim
نسخت بوستات هديل ونشرتها بحسابي الوهمي ب تويتر,Cyberbullying,Impersonation,aggressor
انا عمري 10 بس احب اسولف مع الكبار، انت كم؟,Grooming,Trust_Building,victim
"البنت ذي ما تعرف تتكلم، كل جملة ""امم"" ههههه",Cyberbullying,Denigration_Humiliation,aggressor
أخذت باسورد فاطمة ب ماينكرافت وقاعد أرسل رسايل لناس ثانيين,Cyberbullying,Impersonation,aggressor
انت كبير وتقول اني ممكن اصير لاعب محترف؟ ما توقعتها من احد ما يعرفني,Grooming,Trust_Building,victim
أنا اللي كلمت الشباب ب ماينكرافت مسوي نفسي لين هههههه,Cyberbullying,Impersonation,aggressor
أنا وأخوي الصغير قاعدين نرتب غرفتنا عشان ماما تفرح فينا,Normal,Normal,none
اول مره القى احد من الانترنت يحب نفس الروايات اللي احبها,Grooming,Trust_Building,victim
يا جماعة هالبنت تكتب بالانجليزي غلط وتسوي نفسها فاهمة,Cyberbullying,Denigration_Humiliation,aggressor
انتي كيوت مره وانتي تضحكين بالبث، كم عمرك؟,Grooming,Trust_Building,aggressor
سويت له ميم,Cyberbullying,Denigration_Humiliation,aggressor
عرفتك من سيرفر القيمرز وصرت تعرف متى عندي اختبارات ههه,Grooming,Trust_Building,victim
هههه جلدتكم كلكم في ماينكرافت المرة هذه لا تعيدونها,Normal,Normal,none
انا اكبر منك بس احب اسمع رايك، رايك يهمني,Grooming,Trust_Building,aggressor
أنا اللي كلمت الشباب ب روبلوكس مسوي نفسي راشد هههههه,Cyberbullying,Impersonation,aggressor
اسمعوا لهجتها ههههه كأنها جاية من القرية,Cyberbullying,Denigration_Humiliation,aggressor
ليش علقتي على رسمي بكذا؟ تعبت عليه,Cyberbullying,Denigration_Humiliation,victim
اليوم الجو بارد مره ودي أشرب شوكولاتة ساخنة هههه,Normal,Normal,none
يا غريب ما توقعت تعطيني الحساب حقك، مشكور مره,Grooming,Trust_Building,victim
اللي يبي يضحك يشوف رقص هند بالحفلة، رفعت المقطع,Cyberbullying,Denigration_Humiliation,aggressor
والله مو أنا اللي كتبت الكلام هذاك ب ديسكورد هذاك اكونت مزيف تكفون,Cyberbullying,Impersonation,victim
انت ذكي اكثر من اصحابي اللي بعمري، كيف كذا؟,Grooming,Trust_Building,aggressor
ليش صورتوا وجهي بالبث وحطيتوه ستيكر؟,Cyberbullying,Denigration_Humiliation,victim
شوفوا ضحكتها بالمقطع، تخوف ههههه,Cyberbullying,Denigration_Humiliation,aggressor
انتي ليش تتكلمين كأنك فاهمة؟ الكل يدري انك ما تفهمين,Cyberbullying,Denigration_Humiliation,aggressor
انا بنت عمري 15 وشفت حسابك، انتي مره حلوة بالكتابة، كم عمرك؟,Grooming,Trust_Building,aggressor
انا مو متعودة اسولف مع الكبار، بس انت سوالفك خفيفة,Grooming,Trust_Building,victim
ضفتيني من التيك توك وتقولين صوتي حلو؟ شكرا,Grooming,Trust_Building,victim
ما اعرفك الا من صوتك بالقيم بس صرت ارتاح لك,Grooming,Trust_Building,victim
يا أختي اكتبي لي المحاضرة اللي راحت علي بليز شكرا,Normal,Normal,none
الفرق بين الصاحب الحقيقي وصاحب النت,Grooming,Trust_Building,victim
قاعد أقرأ كتاب مغامرات جديد مره حلو وممتع صحيح,Normal,Normal,none
منو ذي اللي تلبس نظارات بدون عدسات؟ تسوي نفسها كيوت ههههه,Cyberbullying,Denigration_Humiliation,aggressor
شفتك ساكت بالقيم، لا تستحي، انا اخوك الكبير هنا,Grooming,Trust_Building,aggressor
انا قصيت شعري لاني ابي، مو عشان تضحكون,Cyberbullying,Denigration_Humiliation,victim
خلنا نسوي تيم انا وانت بس، انت احسن واحد قابلته باللعبة,Grooming,Trust_Building,aggressor
يا عيال مين يبي نلعب تيم دات ماتش في فورتنايت؟,Normal,Normal,none
انتي ذوقك حلو بالاغاني، ابد ما توقعت من بنت بعمرك,Grooming,Trust_Building,aggressor
عرفتك من الكومنتات وصرت اكلمك كل يوم,Grooming,Trust_Building,victim
البنت ذي ما تعرف تحط مكياج، شكلها مثل المهرج ههههه,Cyberbullying,Denigration_Humiliation,aggressor
شكرا انك تشوف اني احسن من اللي انا اشوفه بنفسي، مع انك من النت,Grooming,Trust_Building,victim
كتبت تعليق مسيء ب ماينكرافت بحساب صالح والكل صدق,Cyberbullying,Impersonation,aggressor
انتي حسابك جديد؟ اهلا، انا بعلمك كل شي بالتطبيق,Grooming,Trust_Building,aggressor
انتي عمرك 23 وتسمعين مشاكلي كأنك صاحبتي,Grooming,Trust_Building,victim
انتي من البنات اللي يلعبون حلو، ما توقعتك صغيرة كذا,Grooming,Trust_Building,aggressor
يا عمري عليها تحسب نفسها ستايل وهي لابسة الوان غريبة,Cyberbullying,Denigration_Humiliation,aggressor
"حتى بالكلان صاروا يقولون علي ""الحمل""",Cyberbullying,Denigration_Humiliation,victim
ليش سويتوا قصيدة عني بالقروب؟ تحسبونها نكتة,Cyberbullying,Denigration_Humiliation,victim
حطيت بالستوري درجته بالرياضيات، صفر من عشرين,Cyberbullying,Denigration_Humiliation,aggressor
انتي حلوة بالتعبير، اكيد درجاتك عالية، كم عمرك؟,Grooming,Trust_Building,aggressor
شخص ما اعرفه يسوي لي تصاميم ببلاش,Grooming,Trust_Building,victim
يا اللي من الكلان، شكرا انك خليتني ادخل البطولة معكم,Grooming,Trust_Building,victim
ماما سوت بيتزا دجاج اليوم تفتح النفس بالعافية علينا شكرا,Normal,Normal,none
انا وصاحباتي سوينا قروب بس عشان نتمسخر على صورها ههه,Cyberbullying,Denigration_Humiliation,aggressor
كيف أقدر أحذف حساب وهمي ب منصة مدرستي منتحل شخصيتي؟ تكفون,Cyberbullying,Impersonation,victim
يا بنات شوفوا خطها، مثل خط اختي اللي بالروضة,Cyberbullying,Denigration_Humiliation,aggressor
تكفون بلغوا عن حساب ب روبلوكس حاط صورتي واسمي ويسيء للناس,Cyberbullying,Impersonation,victim
كل عام وأنت بخير يا عمي وعساك من عواده وتقبل الله طاعتك,Normal,Normal,none
ليش واحد ما اعرفه يعطيني شدات ببلاش,Grooming,Trust_Building,victim
دخلت لعبة ماينكرافت بشخصية غلا وقمت أطرد الناس,Cyberbullying,Impersonation,aggressor
هالولد مايعرف يتكلم مع البنات، شوفوا كيف يرتبك هههه,Cyberbullying,Denigration_Humiliation,aggressor
عرفتك من بث الريد وصرت ادخل عشانك بس ههه,Grooming,Trust_Building,victim
انتي تحسبين قصتك حلوة؟ ممله مثلك,Cyberbullying,Denigration_Humiliation,aggressor
ههه الكومنت حقك على مقطعي خلاني اطير من الفرح، مين انت؟,Grooming,Trust_Building,victim
انتي كبيرة بس تفهمين ليه احب الكتابة، عرفتك من قروب القصص,Grooming,Trust_Building,victim
مرتاح الحمدلله والله اليوم من المدرسة نومي كان قليل أمس شكرا,Normal,Normal,none
يوم الخميس الجوي بيكون روعة بنطلع نكشت بالبر شكرا,Normal,Normal,none
يوم الخميس الجوي بيكون روعة بنطلع نكشت بالبر,Normal,Normal,none
ما ابي العب معكم، كل مرة تفشلوني بالكول,Cyberbullying,Denigration_Humiliation,victim
اهلين، انا بنت من قروب المذاكرة العام، شفتك شاطرة، كم عمرك؟,Grooming,Trust_Building,aggressor
يا حلو كلامك، اكيد اهلك فخورين فيك، كم عمرك؟,Grooming,Trust_Building,aggressor
ترى اخته فاشلة بعد، العيلة كلها كذا,Cyberbullying,Denigration_Humiliation,aggressor
ترى الولد ذا ما يعرف يربط شماغه، فشلة ههه,Cyberbullying,Denigration_Humiliation,aggressor
ما اعرفك برا تويتر بس انت اكثر واحد يرد على تغريداتي,Grooming,Trust_Building,victim
ترى ترى ريم تنشر عن نفسها انها اولى بس هي مو اولى,Cyberbullying,Denigration_Humiliation,aggressor
انا من قروب المذاكرة، شفتك تسألين وما احد رد، تبين اساعدك؟,Grooming,Trust_Building,aggressor
انت ما تعرفني بس دافعت عني لما سبوني بالشات، شكرا,Grooming,Trust_Building,victim
حلو انك تعلمني الانجليزي بالتيليقرام، انت مدرس صدق؟,Grooming,Trust_Building,victim
تعمدت أسوي حساب مزيف ب روبلوكس باسم مها عشان أورطه,Cyberbullying,Impersonation,aggressor
اول مرة اكلم احد من دولة ثانية! انت كم عمرك؟ شكلك كبير,Grooming,Trust_Building,victim
انا بس كنت ابي اسوي تريند، ليش صار الكل يضحك,Cyberbullying,Denigration_Humiliation,victim
ليش طلعتي الصورة اللي وعدتيني ما تنشرينها؟,Cyberbullying,Denigration_Humiliation,victim
قاعد أصور الشاشة وأنا أنتحل شخصية راشد ب سناب بيموتون قهر,Cyberbullying,Impersonation,aggressor
شكل وجهها بالبث مثل الطماطم، احمرت من الاحراج,Cyberbullying,Denigration_Humiliation,aggressor
انت من القيم بس تعرف تحكي قصص حلوة,Grooming,Trust_Building,victim
والله وناسة لما عملت حساب ب تويتر باسم عمر وأكتب كلام غبي,Cyberbullying,Impersonation,aggressor
قسم بالله اللي يكلمكم ب سناب مو أنا هذا واحد كذاب تكفون,Cyberbullying,Impersonation,victim
انا مو دلوع امي، بس هي توصلني,Cyberbullying,Denigration_Humiliation,victim
روح ذاكر يا غبي بدال ما تلعب، درجاتك فضيحة,Cyberbullying,Denigration_Humiliation,aggressor
صرت ميم بالمدرسة,Cyberbullying,Denigration_Humiliation,victim
أنا سويت حساب مشابه ل ناصر ب واتساب بحرف زايد عشان ما ينتبهون,Cyberbullying,Impersonation,aggressor
والله مو أنا اللي كتبت الكلام هذاك ب سناب هذاك اكونت مزيف,Cyberbullying,Impersonation,victim
كتبت تعليق مسيء ب واتساب بحساب شهد والكل صدق,Cyberbullying,Impersonation,aggressor
صورت شكلها وهي نايمة بالباص ونزلتها ههههه,Cyberbullying,Denigration_Humiliation,aggressor
أمي شافت رسائل ب تويتر مفكرة إني أنا اللي كاتبها وهي مو مني,Cyberbullying,Impersonation,victim
عطشان مره بروح أشب الموية الباردة وأجي والله,Normal,Normal,none
عرفتك من شات القيم وتقول ضحكتي بالفويس تعدي؟ ههه,Grooming,Trust_Building,victim
كتبت تعليق مسيء ب منصة مدرستي بحساب غلا والكل صدق,Cyberbullying,Impersonation,aggressor
كيف ابني صداقة مع شخص بالنت بسرعة,Grooming,Trust_Building,aggressor
ههههه ليش كل يوم تسأل عني؟ انت ما تعرفني الا من التيك توك,Grooming,Trust_Building,victim
أنا مره خايف من اختبار الالدراسات الإسلامية بكرة دعواتكم لي,Normal,Normal,none
أنا اللي فتحت حساب مها ب تليجرام وقعدت أكلم صاحبه,Cyberbullying,Impersonation,aggressor
ليش شخص كبير يتابعني بالتيك توك,Grooming,Trust_Building,victim
سرقت اكونت فورتنايت وهمي باسم نواف وقاعد أضحك على العالم,Cyberbullying,Impersonation,aggressor
خلصت اختبار التوحيد وكان سهل الحمد لله حليت كل شي صحيح,Normal,Normal,none
خلاص ما بلبس النظارة بالمدرسة، الكل يضحك,Cyberbullying,Denigration_Humiliation,victim
تكفون بلغوا عن حساب ب تويتر حاط صورتي واسمي ويسيء للناس,Cyberbullying,Impersonation,victim
سويت نفس اسم شهد وصورته ب ماينكرافت وقاعد أرد على المدرسين,Cyberbullying,Impersonation,aggressor
انت ما شاء الله واعي، اكيد اهلك ربوك زين,Grooming,Trust_Building,aggressor
ما ادري كيف لقيت حسابي بس كلامك عن تصويري حلو مره,Grooming,Trust_Building,victim
عطوني سكنات حلوة في فايف ام ودي أشتري بس متخوف,Normal,Normal,none
خلني اعلمك الجيتار اونلاين، انا اعزف من زمان وانت توك تبدأ,Grooming,Trust_Building,aggressor
انا مو بزر، بس احب الالعاب ذي، وش فيها؟,Cyberbullying,Denigration_Humiliation,victim
أنا منصدم واحد مسوي حساب ب تويتر بنفس صورتي واسمي الثلاثي تكفون,Cyberbullying,Impersonation,victim
سويت نفس اسم بندر وصورته ب سناب وقاعد أرد على المدرسين,Cyberbullying,Impersonation,aggressor
يا ربي زهقت من الحسابات الوهمية اللي باسمي في انستا,Cyberbullying,Impersonation,victim
أنا اللي فتحت حساب عمر ب سناب وقعدت أكلم صاحبه,Cyberbullying,Impersonation,aggressor
اوكي بقولك عن المدرسة، بس انت ما تعرف احد فيها صح؟,Grooming,Trust_Building,victim
حد يبلغ معي على حساب سناب شات يقلدني ويسبب مشاكل مع أصدقائي,Cyberbullying,Impersonation,victim
صوتها بالاذاعة كان فضيحة، رفعت المقطع خلوا الكل يسمع,Cyberbullying,Denigration_Humiliation,aggressor
وينك يا بسمة قاعد أستناك بالسيرفر صار لي ساعة,Normal,Normal,none
شكرا على السماعة اللي ارسلتها باسم المتجر، كيف عرفت اني ابيها؟ وانت ما تعرفني,Grooming,Trust_Building,victim
انتي ليش ما تنزلين اكثر؟ محتواك حلو، انا بكون اكبر داعم لك,Grooming,Trust_Building,aggressor
أنا اللي فتحت حساب ريماس ب واتساب وقعدت أكلم صاحبه,Cyberbullying,Impersonation,aggressor
أنا اللي كلمت الشباب ب قروب المدرسة مسوي نفسي مها هههههه,Cyberbullying,Impersonation,aggressor
الله يجزاك خير يا خالتي ما قصرت معي والله يطول بعمرك,Normal,Normal,none
صدق تبي تعلمني الجيتار اونلاين؟ انت من القيم بس طيب,Grooming,Trust_Building,victim
اليوم الجو بارد مره ودي أشرب شوكولاتة ساخنة,Normal,Normal,none
نصايحك احلى من نصايح امي ههه وانت مجرد واحد من التيك توك,Grooming,Trust_Building,victim
انتي من الانستا وتقولين بتعلميني الطبخ اونلاين؟ ههه وناسة,Grooming,Trust_Building,victim
طريقة تعديل صوت احد يصير مضحك,Cyberbullying,Denigration_Humiliation,aggressor
يا الفاشل حتى الواجب ما تعرف تسويه بدون ما تنسخ,Cyberbullying,Denigration_Humiliation,aggressor
"انا ما ابي اكون ""فقرة الضحك"" بالحصة",Cyberbullying,Denigration_Humiliation,victim
وينك يا غلا قاعد أستناك بالسيرفر صار لي ساعة,Normal,Normal,none
ليش قلتي ان هديتي للمعلمة من البقالة؟ هذا اللي قدرت عليه,Cyberbullying,Denigration_Humiliation,victim
انا اعرف اني ثقيلة شوي، بس ليش تقولونها كل يوم,Cyberbullying,Denigration_Humiliation,victim
الجو برا اليوم غبار شوي بس الهواء عليل شكرا,Normal,Normal,none
قاعد ألعب بلعبة ديسكورد واسمي نفسي ريماس عشان يظنونه هو,Cyberbullying,Impersonation,aggressor
شكرا يا بنت عمي على التوصيلة للمدرسة اليوم ريحتني الله يسعدك,Normal,Normal,none
عطني يوزرك بروبلوكس وبرسل لك هدية الحين,Grooming,Trust_Building,aggressor
يا شباب سرقت جروب واتساب جديد وسميته على اسم راشد وأرسل نكت ههههه,Cyberbullying,Impersonation,aggressor
دخلت سيرفر ديسكورد مسوي نفسي لمى وقمت أسب خوينا ههههه,Cyberbullying,Impersonation,aggressor
انا ما اقلد المشهورات، احب الستايل ذا بس,Cyberbullying,Denigration_Humiliation,victim
ليش حطيتي كومنت على رقصي؟ انا كنت مستانسة,Cyberbullying,Denigration_Humiliation,victim
بعطيك حساب نتفلكس حقي تتابع فيه، لانك صاحبي من النت,Grooming,Trust_Building,aggressor
ليش تقولين قصتي مملة قدام الكل؟ تعبت عليها,Cyberbullying,Denigration_Humiliation,victim
احس اني ارتحت لك من اول رسالة، مع اني ما اكلم ناس من النت عادة,Grooming,Trust_Building,victim
اوكي اقولك وش ابي اصير لما اكبر، انت اول واحد من النت يسألني,Grooming,Trust_Building,victim
سويت نفس اسم غلا وصورته ب سناب وقاعد أرد على المدرسين,Cyberbullying,Impersonation,aggressor
انت من السيرفر وتشرح لي الرياضيات احسن من المدرسة، مشكور,Grooming,Trust_Building,victim
خلصت اختبار التوحيد وكان سهل الحمد لله حليت كل شي هههه,Normal,Normal,none
اليوم جبت كامل بالاملاء، قلت اعلمك مع انك من النت,Grooming,Trust_Building,victim
شكرا على العملات يا اللي من السيرفر، صرت غني باللعبة ههه,Grooming,Trust_Building,victim
يا عيال سرقت حساب ب سناب نفس صورة محمد بالضبط ومحد درى,Cyberbullying,Impersonation,aggressor
يا خالتي الحساب اللي ب سناب اللي يسب مو انا والله تكفون,Cyberbullying,Impersonation,victim
ما كنت ادري انك رجال كبير، كنت احسبك بنت من الكومنتات ههه,Grooming,Trust_Building,victim
انت كبير وعندك خبرة، شكرا انك ساعدتني اختار تخصصي بالثانوي,Grooming,Trust_Building,victim
انت من التيك توك وتقول بتسوي ديو معي؟ ههه وناسة,Grooming,Trust_Building,victim
أنا سويت حساب مشابه ل نواف ب سناب بحرف زايد عشان ما ينتبهون ههههه,Cyberbullying,Impersonation,aggressor
عمرك 22 وتقول اني افهم بالسيارات اكثر منك؟ ههه,Grooming,Trust_Building,victim
يا عيال فيه واحد مسوي حساب وهمي ب سناب باسمي ويسب العالم,Cyberbullying,Impersonation,victim
توي أدري إن فيه حساب ب تليجرام يقلد صوتي أو اسمي بالحرف,Cyberbullying,Impersonation,victim
كيف اقول لامي ان البنات يتمسخرون علي,Cyberbullying,Denigration_Humiliation,victim
ليش تضحكون على شكلي بالزي الرياضي؟,Cyberbullying,Denigration_Humiliation,victim
أنا مره خايف من اختبار الالدراسات الإسلامية بكرة دعواتكم لي هههه,Normal,Normal,none
والله وناسة لما عملت حساب ب تيك توك باسم سلطان وأكتب كلام غبي,Cyberbullying,Impersonation,aggressor
هههه جلدتكم كلكم في روكت ليق المرة هذه لا تعيدونها,Normal,Normal,none
أنا اللي كلمت الشباب ب ببجي مسوي نفسي بندر هههههه,Cyberbullying,Impersonation,aggressor
تعمدت أسوي حساب مزيف ب تيك توك باسم جود عشان أورطه,Cyberbullying,Impersonation,aggressor
شكرا انك تقول عني ذكية، حتى لو انت شخص من النت,Grooming,Trust_Building,victim
أخذت باسورد مها ب ديسكورد وقاعد أرسل رسايل لناس ثانيين,Cyberbullying,Impersonation,aggressor
يا شباب سرقت جروب واتساب جديد وسميته على اسم جود وأرسل نكت,Cyberbullying,Impersonation,aggressor
شكرا يا غريب على الشحن، بس ليه تشحن لي؟ ههه,Grooming,Trust_Building,victim
انت من سيرفر ثاني بس تعرف تخليني اضحك لما اكون متضايق,Grooming,Trust_Building,victim
دخلت لعبة روبلوكس بشخصية فاطمة وقمت أطرد الناس,Cyberbullying,Impersonation,aggressor
كيف احمي صوري من الفوتوشوب,Cyberbullying,Denigration_Humiliation,victim
يا جماعة اليوم الأستاذ عطانا واجب طويل الرياضيات الله يعين شكرا,Normal,Normal,none
والله وناسة لما دخلت حساب ب روبلوكس باسم ريماس وأكتب كلام غبي,Cyberbullying,Impersonation,aggressor
الكل يتمسخر علي بالمدرسة وش اسوي,Cyberbullying,Denigration_Humiliation,victim
ماما سوت ساندوتشات جبن دجاج اليوم تفتح النفس بالعافية علينا,Normal,Normal,none
يا بنات ترى هي ما عندها اي صاحبة، محد يطيقها,Cyberbullying,Denigration_Humiliation,aggressor
انا اقرا القرآن وصوتي يرجف لاني استحي، ليش تضحكون,Cyberbullying,Denigration_Humiliation,victim
انا ما بكيت بالبلوت، كنت زعلان بس,Cyberbullying,Denigration_Humiliation,victim
مره كيوت منك تسأل عن اختباري مع انك ما تعرفني بالحقيقة,Grooming,Trust_Building,victim
انت عمرك 23 وتحب الرسم زيي؟ ارسل لك رسوماتي؟,Grooming,Trust_Building,victim
ماما سوت برجر دجاج اليوم تفتح النفس بالعافية علينا صحيح,Normal,Normal,none
انتي ما تعرفين تلعبين ولا لعبة، ليش تدخلين معنا؟,Cyberbullying,Denigration_Humiliation,aggressor
أنا اللي كلمت الشباب ب منصة مدرستي مسوي نفسي راشد هههههه,Cyberbullying,Impersonation,aggressor
ما اعرفك بس كلامك عن رسمتي فرحني مره,Grooming,Trust_Building,victim
انتي احلى بنت بالقروب والله، مع اني ما اعرفك الا من هنا,Grooming,Trust_Building,aggressor
خلاص ما بلعب معكم بعد، كل مرة تقولون اني ما اعرف,Cyberbullying,Denigration_Humiliation,victim
ما ادري كيف واحد ما يعرفني يفهمني كذا بسرعة,Grooming,Trust_Building,victim
والله مو أنا اللي كتبت الكلام هذاك ب ببجي هذاك اكونت مزيف,Cyberbullying,Impersonation,victim
احس انك تفهمني اكثر من ناس بعمري، مع انك ما تعرف عني الا من حسابي,Grooming,Trust_Building,victim
سرقت اكونت ببجي وهمي باسم هديل وقاعد أضحك على العالم,Cyberbullying,Impersonation,aggressor
يا جماعة اليوم الأستاذ عطانا واجب طويل الأنشطة الله يعين,Normal,Normal,none
انت صغير بس العب احسن من ناس كبار، خذ شدات هدية مني,Grooming,Trust_Building,aggressor
انتي من السيرفر وتعطيني رايك بكل شي اسويه، احبه,Grooming,Trust_Building,victim
ليش تقولين ان بيتنا صغير؟ هذا بيتنا ونحبه,Cyberbullying,Denigration_Humiliation,victim
انا مبسوطة اني لقيت احد يسمعني بالليل، حتى لو من النت,Grooming,Trust_Building,victim
شفت تعليقك عن الحيوانات، انتي حنونة، احب الناس كذا,Grooming,Trust_Building,aggressor
انت من الانستا وتقول رسمي احسن من الكبار؟ واو,Grooming,Trust_Building,victim
مين يعرف طريقة استرجاع حساب روبلوكس المسروق اللي يرسل خرابيط؟ تكفون,Cyberbullying,Impersonation,victim
انا لاحظت انك دايم تلعب لحالك، تعال العب معي,Grooming,Trust_Building,aggressor
يا أستاذ ترى فيه شخص مسوي نفسه أنا بقروب تيك توك ويغلط,Cyberbullying,Impersonation,victim
ههه صار لنا شهر نسولف من التعليقات وانا ما اعرف عنك شي,Grooming,Trust_Building,victim
انت ولد مبدع بالفيديوهات، بساعدك توصل لمتابعين اكثر,Grooming,Trust_Building,aggressor
ليش حطيتوا صورتي جنب صورة القرد؟ هذا مو مضحك,Cyberbullying,Denigration_Humiliation,victim
ليش قلت للشباب اني خفت من القطوة؟ ما كانت تستاهل,Cyberbullying,Denigration_Humiliation,victim
كيف احرج احد بالقروب,Cyberbullying,Denigration_Humiliation,aggressor
ما اعرفك بس كلامك ان الفشل عادي خلاني ارجع اذاكر,Grooming,Trust_Building,victim
عرفتك من سيرفر البرمجة وتقول كودي نظيف؟ هذا احسن مدح جاني,Grooming,Trust_Building,victim
يا ربي زهقت من الحسابات الوهمية اللي باسمي في ماينكرافت,Cyberbullying,Impersonation,victim
كيف احذف صورة نزلوها عني بالقروب,Cyberbullying,Denigration_Humiliation,victim
شفت حسابك، 12 متابع منهم 10 حسابات وهمية ههه,Cyberbullying,Denigration_Humiliation,aggressor
خلاص ما بسوي بث، الكل قال ما احد يبي يشوف وجهي,Cyberbullying,Denigration_Humiliation,victim
انت كبير بالعمر بس تعرف الالعاب الجديدة قبلي ههه,Grooming,Trust_Building,victim
وينك يا نورة قاعد أستناك بالسيرفر صار لي ساعة,Normal,Normal,none
انا ابي ارجع لقروب الفصل بس خايف من التمسخر,Cyberbullying,Denigration_Humiliation,victim
كيف لقيتني بالتيك توك؟ شكرا على تعليقك الحلو,Grooming,Trust_Building,victim
أنا منصدم واحد مسوي حساب ب فورتنايت بنفس صورتي واسمي الثلاثي,Cyberbullying,Impersonation,victim
شفت تعليقك عند الطبيب المشهور، انت تحب الطب؟ بعمرك؟,Grooming,Trust_Building,aggressor
ترى ترى ريم تسوي نفسها عندها اخوان بالجامعة، كذب,Cyberbullying,Denigration_Humiliation,aggressor
صورتها بالمخيم صارت ميم بقروب الصف,Cyberbullying,Denigration_Humiliation,aggressor
نسخت بوستات شهد ونشرتها بحسابي الوهمي ب روبلوكس,Cyberbullying,Impersonation,aggressor
ليه فيه ناس فاضية تسوي حسابات مزيفة بأسامينا في انستا؟ تكفون,Cyberbullying,Impersonation,victim
والله مو أنا اللي كتبت الكلام هذاك ب تيك توك هذاك اكونت مزيف,Cyberbullying,Impersonation,victim
شكرا على الشدات يا أخوي الكبير، أنت أحسن أخوي الكبير بالدنيا الله يحفظك,Normal,Normal,none
وينك يا فاطمة قاعد أستناك بالسيرفر صار لي ساعة,Normal,Normal,none
أنا مره خايف من اختبار الالدراسات الإسلامية بكرة دعواتكم لي والله,Normal,Normal,none
يا رجال انت ما تعرفني بس فزعت لي بالبطولة,Grooming,Trust_Building,victim
والله انبسطت من ردك على الستوري مع اني ما اعرفك الا من الانستا,Grooming,Trust_Building,victim
عطشان مره بروح أشب الموية الباردة وأجي صحيح,Normal,Normal,none
كيف اعرف عمر الشخص اللي العب معه بدون ما اسأله مباشرة,Grooming,Trust_Building,aggressor
ساعدوني يا شباب ايش أساوي لو واحد فتح حساب باسمي ب واتساب؟,Cyberbullying,Impersonation,victim
شكرا على الدعم بالبث، انت اكثر واحد من المتابعين اللي يرسل هدايا,Grooming,Trust_Building,victim
أنا سويت حساب مشابه ل سارة ب ببجي بحرف زايد عشان ما ينتبهون,Cyberbullying,Impersonation,aggressor
وجهك بالكاميرا خلانا نطفي البث ههههه,Cyberbullying,Denigration_Humiliation,aggressor
انت من الانستا وتقول رسوماتي تستاهل معرض؟ يا الله,Grooming,Trust_Building,victim
انتي ذكية باللعبة، تفكرين مثل الكبار، كم عمرك؟,Grooming,Trust_Building,aggressor
حتى المعلم ضحك عليك اليوم، شفت؟ ههه,Cyberbullying,Denigration_Humiliation,aggressor
انا ما اتكلم لحالي، كنت احفظ، ليش تقولون مجنونة,Cyberbullying,Denigration_Humiliation,victim
مين يعرف طريقة استرجاع حساب سناب المسروق اللي يرسل خرابيط؟,Cyberbullying,Impersonation,victim
مين يعرف طريقة استرجاع حساب منصة مدرستي المسروق اللي يرسل خرابيط؟,Cyberbullying,Impersonation,victim
هههه جلدتكم كلكم في فايف ام المرة هذه لا تعيدونها,Normal,Normal,none
شكرا يا اللي ما اعرفه على التشجيع بالمباراة اونلاين,Grooming,Trust_Building,victim
انت عمرك 24 وتقول ان افكاري للمشروع عبقرية؟ ههه,Grooming,Trust_Building,victim
ههههه انتي قلتي عمرك 17؟ وتلعبين معي ادوبت مي كل يوم، حلو,Grooming,Trust_Building,victim
انا ما اقدر اغير صوتي، ليش تضحكون عليه,Cyberbullying,Denigration_Humiliation,victim
الله يجزاك خير يا عمتي ما قصرت معي والله يطول بعمرك,Normal,Normal,none
مين يعرف طريقة استرجاع حساب ببجي المسروق اللي يرسل خرابيط؟,Cyberbullying,Impersonation,victim
صاحب من اللعبة عمره 25 يبي يلعب معي كل يوم,Grooming,Trust_Building,victim
يا بنات سمعتوا صوتها بالفويس؟ مثل الصفارة,Cyberbullying,Denigration_Humiliation,aggressor
انتي حسابك فيه كل شي احبه، كأنك انا لما كنت صغيرة,Grooming,Trust_Building,aggressor
بعطيك ترقية بالسيرفر، انت تستاهل اكثر من الكبار اللي فيه,Grooming,Trust_Building,aggressor
ليه بعض العيال يسوون حسابات بأسماءنا ويسببون لنا مشاكل ب تيك توك؟,Cyberbullying,Impersonation,victim
يا ولد عمي الوالد يسلم عليك ويقولك متى بتزورنا الاستراحة الليلة؟,Normal,Normal,none
أحد سرق صورتي الشخصية ب تيك توك وقاعد ينشر مقاطع تفشل,Cyberbullying,Impersonation,victim
خذ هالجواهر، ما تعرفني بس حسيتك تستاهل,Grooming,Trust_Building,aggressor
خلنا نلعب كل يوم، انا ما عندي اصحاب باللعبة غيرك,Grooming,Trust_Building,aggressor
أخذت اكونت قروب المدرسة وهمي باسم فاطمة وقاعد أضحك على العالم,Cyberbullying,Impersonation,aggressor
دخلت لعبة قروب المدرسة بشخصية لين وقمت أطرد الناس,Cyberbullying,Impersonation,aggressor
يا توق تعال دخلني السيرفر حقك في ماينكرافت بسرعة,Normal,Normal,none
أفضل طريقة لانتحال شخصية مشهور ب قروب المدرسة عشان يتابعوني,Cyberbullying,Impersonation,aggressor
عرفتك من التيك توك وصرت اشاركك كل رسمة اسويها,Grooming,Trust_Building,victim
خلاص ابي اطلع من كل القروبات، كلها تتمسخر علي,Cyberbullying,Denigration_Humiliation,victim
فزت على أختي ب فورتنايت وقعدت تصيح تبي تعيد القيم هههه,Normal,Normal,none
يا جماعة هذي اللي قالت انها تعرف تطبخ، شوفوا الكيكة المحروقة,Cyberbullying,Denigration_Humiliation,aggressor
انت بالصف كم؟ ههه انا ثالث متوسط بس عادي نصير اصحاب,Grooming,Trust_Building,aggressor
انا ما ادري ليش اختاروني انا عشان يتمسخرون,Cyberbullying,Denigration_Humiliation,victim
ياخي رهيب لما أخذت حساب ب تليجرام باسم فهد وأسوي مشاكل,Cyberbullying,Impersonation,aggressor
أفضل طريقة لانتحال شخصية مشهور ب ديسكورد عشان يتابعوني,Cyberbullying,Impersonation,aggressor
يا جماعة صورته وهو يحاول يرقص، فضيحة القرن ههه,Cyberbullying,Denigration_Humiliation,aggressor
خلونا نسوي فوتوشوب لوجهه ونحطه بالقروب,Cyberbullying,Denigration_Humiliation,aggressor
قاعد ألعب بلعبة منصة مدرستي واسمي نفسي ديم عشان يظنونه هو,Cyberbullying,Impersonation,aggressor
"كتبت بالتعليقات تحت صورتها ""مين سمح لهالشكل يتصور"" ههه",Cyberbullying,Denigration_Humiliation,aggressor
منو اللي يسوي نفسه شاعر؟ قصيدته ولا لها معنى ههه,Cyberbullying,Denigration_Humiliation,aggressor
خلصت حفظ سور القرآن المطلوبة مني للاستاذة بكرة,Normal,Normal,none
انتي كبيرة بس تعرفين كل اغاني الكيبوب اللي احبها ههه,Grooming,Trust_Building,victim
أنشأت اكونت فورتنايت وهمي باسم نواف وقاعد أضحك على العالم,Cyberbullying,Impersonation,aggressor
انا اكبر منك بكثير بس اسلوبك يخليني انسى العمر,Grooming,Trust_Building,aggressor
يا خالتي الحساب اللي ب فورتنايت اللي يسب مو انا والله,Cyberbullying,Impersonation,victim
خلصت حفظ سور القرآن المطلوبة مني للاستاذة بكرة هههه,Normal,Normal,none
انتي حتى رسايلك مملة، ما احد يكمل يقراها,Cyberbullying,Denigration_Humiliation,aggressor
"ليش قلتوا عن رسمي ""فن حديث"" وانتو تضحكون؟",Cyberbullying,Denigration_Humiliation,victim
يا أخوي الكبير تكفا علمني كيف أحل المسألة هذه بالرياضيات تعبت وانا افكر فيها,Normal,Normal,none
يا حلو انت تحب الكيك؟ ههه شفت ستوريك، انا خبازة بعلمك,Grooming,Trust_Building,aggressor
يا شباب فتحت جروب واتساب جديد وسميته على اسم سعود وأرسل نكت,Cyberbullying,Impersonation,aggressor
انتي تشبهين اختي الصغيرة ههه، كم عمرك؟,Grooming,Trust_Building,aggressor
أخذت باسورد لمى ب ماينكرافت وقاعد أرسل رسايل لناس ثانيين,Cyberbullying,Impersonation,aggressor
سويت لها ستيكر وهي تبكي، صار اكثر ستيكر نستخدمه,Cyberbullying,Denigration_Humiliation,aggressor
"يا بنات حطوها بقايمة ""اوحش لبس بالعيد""",Cyberbullying,Denigration_Humiliation,aggressor
طريقة عمل كيكة الشوكولاتة السهلة بالبيت,Normal,Normal,none
فوائد شرب الحليب قبل النوم للاطفال,Normal,Normal,none
أنا ووجدان قاعدين نبني بيت كبير في ماينكرافت تعالوا شوفوه,Normal,Normal,none
انا ما ابي احط ستوري بعد، كل مرة تصير مسخرة,Cyberbullying,Denigration_Humiliation,victim
ليش كتبتوا ان بيتنا كوخ؟ انتو ما تعرفون شي,Cyberbullying,Denigration_Humiliation,victim
يا حلوة بالجوال القديم ما تستحين تطلعينه؟,Cyberbullying,Denigration_Humiliation,aggressor
انا حطيت صورتها بقروب بنات الحارة، كلهم ضحكوا,Cyberbullying,Denigration_Humiliation,aggressor
طريقة كيف تنتحل شخصية صديقك ب واتساب وتكلم أهله ههههه,Cyberbullying,Impersonation,aggressor
والله مو أنا اللي كتبت الكلام هذاك ب منصة مدرستي هذاك اكونت مزيف,Cyberbullying,Impersonation,victim
أنا منصدم واحد مسوي حساب ب انستا بنفس صورتي واسمي الثلاثي,Cyberbullying,Impersonation,victim
ليه بعض العيال يسوون حسابات بأسماءنا ويسببون لنا مشاكل ب ماينكرافت؟,Cyberbullying,Impersonation,victim
مين يعرف طريقة استرجاع حساب روبلوكس المسروق اللي يرسل خرابيط؟,Cyberbullying,Impersonation,victim
شوفوا ستوري عيد ميلادها، كيكة صغيرة وتسوي نفسها ههههه,Cyberbullying,Denigration_Humiliation,aggressor
انتي تشبهين شخصية الانمي اللي احبها ههه، توني لاقيتك بس عجبتيني,Grooming,Trust_Building,aggressor
انتي ناضجة اكثر من عمرك,Grooming,Trust_Building,aggressor
يا بطة وش هالحل الغبي بس يحليلك والله أحبك,Normal,Normal,none
دخلت لعبة ماينكرافت بشخصية ديم وقمت أطرد الناس,Cyberbullying,Impersonation,aggressor
ياخي رهيب لما عملت حساب ب واتساب باسم رغد وأسوي مشاكل ههههه,Cyberbullying,Impersonation,aggressor
"ليش علقتي ""فشلة"" على مقطعي؟ تعبت عليه",Cyberbullying,Denigration_Humiliation,victim
انت صاحبي المفضل,Grooming,Trust_Building,aggressor
انتي شاطرة بالبناء، عمرك كم؟ ودي اسوي معك مشروع,Grooming,Trust_Building,aggressor
عرفتك من الكومنتات وصار عندي احد يفهم بالسيارات زيي,Grooming,Trust_Building,victim
انا من الثانوي بس احب العب مع المتوسط والابتدائي، اسهل ههه,Grooming,Trust_Building,aggressor
يا جماعة اكونتي ب سناب مسروق وفيه شخص يكلم الناس بدلي,Cyberbullying,Impersonation,victim
احس الكل يضحك علي من ورا، حتى اللي كانوا اصحابي,Cyberbullying,Denigration_Humiliation,victim
خلونا كلنا نقلد طريقة كلامه بالقروب ههههه,Cyberbullying,Denigration_Humiliation,aggressor
قاعد أصور الشاشة وأنا أنتحل شخصية شهد ب انستا بيموتون قهر,Cyberbullying,Impersonation,aggressor
انتي من الديسكورد وتقولين اني احسن مصممة بالسيرفر؟ شكرا,Grooming,Trust_Building,victim
انا اخوك الكبير,Grooming,Trust_Building,aggressor
أنا اللي كلمت الشباب ب روبلوكس مسوي نفسي بندر هههههه,Cyberbullying,Impersonation,aggressor
يا عيال فيه واحد مسوي حساب وهمي ب انستا باسمي ويسب العالم,Cyberbullying,Impersonation,victim
كتبت تعليق مسيء ب ببجي بحساب محمد والكل صدق,Cyberbullying,Impersonation,aggressor
اليوم الأحد ودايم يكون ثقيل ومتعب أول الأسبوع صحيح,Normal,Normal,none
ارسلت لك هدية باللايف، لاحظتيها؟ انتي تستاهلين,Grooming,Trust_Building,aggressor
كتبت تعليق مسيء ب سناب بحساب خالد والكل صدق,Cyberbullying,Impersonation,aggressor
يا عمري عليها، حتى صاحبتها الوحيدة تضحك عليها وراها,Cyberbullying,Denigration_Humiliation,aggressor
شفتك تسأل عن البرمجة، انا مبرمج بعلمك، انت كم عمرك؟,Grooming,Trust_Building,aggressor
كيف اخلي الناس يحذفون مقطع عني,Cyberbullying,Denigration_Humiliation,victim
شوفوا الكومنت حقه، كل كلمة فيها غلطة,Cyberbullying,Denigration_Humiliation,aggressor
انا احب الالوان ذي، ليش لازم البس مثلكم,Cyberbullying,Denigration_Humiliation,victim
وينك يا فيصل قاعد أستناك بالسيرفر صار لي ساعة,Normal,Normal,none
نكت على السمينين,Cyberbullying,Denigration_Humiliation,aggressor
انت كبير وتشتغل بشركة العاب؟ ودي اشوف شغلك,Grooming,Trust_Building,victim
يا عيال أخذت حساب ب تيك توك نفس صورة جوري بالضبط ومحد درى,Cyberbullying,Impersonation,aggressor
كيف اكسب ثقة شخص اصغر مني باللعبة,Grooming,Trust_Building,aggressor
انت ولد حبوب، احس اني اقدر اسولف معك ساعات,Grooming,Trust_Building,aggressor
انا ما ابي اطلع بالكاميرا بعد، الكل قال وجهي يضحك,Cyberbullying,Denigration_Humiliation,victim
انت تحب المصارعة؟ انا بعد! عمرك كم؟ خلنا نسولف عنها,Grooming,Trust_Building,aggressor
يا بنت عمي الوالد يسلم عليك ويقولك متى بتزورنا الاستراحة الليلة؟,Normal,Normal,none
كيف انسى مقطع محرج انتشر عني,Cyberbullying,Denigration_Humiliation,victim
أخذت باسورد عبدالعزيز ب ببجي وقاعد أرسل رسايل لناس ثانيين,Cyberbullying,Impersonation,aggressor
سرقت اكونت ديسكورد وهمي باسم لمى وقاعد أضحك على العالم ههههه,Cyberbullying,Impersonation,aggressor
ماما سوت مندي دجاج اليوم تفتح النفس بالعافية علينا هههه,Normal,Normal,none
خلوا نورة تتكلم بالقيم، صوتها مثل البطة,Cyberbullying,Denigration_Humiliation,aggressor
انت دايم تفهم وش اقصد، غريبة مع اننا ما تقابلنا ولا مرة,Grooming,Trust_Building,victim
كل الصف يعرف انه يبكي على اي شي، بزر,Cyberbullying,Denigration_Humiliation,aggressor
أنا مره خايف من اختبار الالرياضيات بكرة دعواتكم لي شكرا,Normal,Normal,none
طريقة كيف تنتحل شخصية صديقك ب سناب وتكلم أهله,Cyberbullying,Impersonation,aggressor
انا تعبت، كل يوم بالقروب في شي جديد عني,Cyberbullying,Denigration_Humiliation,victim
شكرا انك علمتني المونتاج، انت ما تعرفني بس صبرت علي,Grooming,Trust_Building,victim
بعطيك نقاط تكفيك شهر باللعبة، بس لانك اكثر واحد لطيف معي,Grooming,Trust_Building,aggressor
اللهم بارك كل يوم تصبح علي، ما احد يسويها حتى اللي اعرفهم,Grooming,Trust_Building,victim
البنت ذي اكلها بالفسحة غريب، يمكن من الزبالة,Cyberbullying,Denigration_Humiliation,aggressor
فرحان والله اليوم من المدرسة نومي كان قليل أمس هههه,Normal,Normal,none
انا ما عندي صاحبات كثير بس انت من النت صرت مثل صاحبي,Grooming,Trust_Building,victim
مين يعرف طريقة استرجاع حساب تليجرام المسروق اللي يرسل خرابيط؟,Cyberbullying,Impersonation,victim
يا عيال مين يدخل معي قيم روبلوكس الحين,Normal,Normal,none
انتي حتى صوتك بالاذاعة كان يرجف، فشلتينا,Cyberbullying,Denigration_Humiliation,aggressor
نسخت بوستات نواف ونشرتها بحسابي الوهمي ب تويتر,Cyberbullying,Impersonation,aggressor
أنا سويت حساب مشابه ل ريماس ب واتساب بحرف زايد عشان ما ينتبهون,Cyberbullying,Impersonation,aggressor
"انت اسم على مسمى، ""اسطورة"" بالفشل ههه",Cyberbullying,Denigration_Humiliation,aggressor
انتي حتى بالفلتر ما تحلين ههههه,Cyberbullying,Denigration_Humiliation,aggressor
انا ما اتملق للاستاذة، احبها لانها طيبة,Cyberbullying,Denigration_Humiliation,victim
اغير مدرستي بسبب التنمر,Cyberbullying,Denigration_Humiliation,victim
عطشان مره بروح أشب الموية الباردة وأجي,Normal,Normal,none
وينك يا ديمة قاعد أستناك بالسيرفر صار لي ساعة,Normal,Normal,none
وناسة تسب الناس وتخليهم يزعلون من صاحبك مو منك هههههه,Cyberbullying,Impersonation,aggressor
يا جماعة اليوم الأستاذ عطانا واجب طويل الإنقليزي الله يعين صحيح,Normal,Normal,none
اليوم الجو بارد مره ودي أشرب شوكولاتة ساخنة صحيح,Normal,Normal,none
اليوم الجو بارد مره ودي أشرب شوكولاتة ساخنة شكرا,Normal,Normal,none
نسخت بوستات سعود ونشرتها بحسابي الوهمي ب انستا,Cyberbullying,Impersonation,aggressor
أمي طلبت مني أنزل البقالة أشتري خبز وراجع هههه,Normal,Normal,none
انا اعرف وش تحس فيه، كنت مثلك لما كنت بعمرك,Grooming,Trust_Building,aggressor
توي أدري إن فيه حساب ب واتساب يقلد صوتي أو اسمي بالحرف,Cyberbullying,Impersonation,victim
ترى ريحة بيتهم بخور قديم، كل ملابسها كذا,Cyberbullying,Denigration_Humiliation,aggressor
ماما سوت بيتزا دجاج اليوم تفتح النفس بالعافية علينا صحيح,Normal,Normal,none
"خلونا نسميه ""ابو كرش"" بالقروب من اليوم",Cyberbullying,Denigration_Humiliation,aggressor
انتي ترقصين؟ حسبتك تتألمين,Cyberbullying,Denigration_Humiliation,aggressor
أسباب سقوط الدولة السعودية الأولى والثانية,Normal,Normal,none
يا نكبة كل ما لعبت معك نخسر هههه بس أحسن صديق والله,Normal,Normal,none
ابي اكون اول واحد يدعمك لما تصير مشهور، تذكرني,Grooming,Trust_Building,aggressor
بححث عن طريقة أسوي حساب وهمي ب ديسكورد بدون رقم,Cyberbullying,Impersonation,aggressor
انا مو من بلدك بس احس اننا نعرف بعض من زمان,Grooming,Trust_Building,aggressor
قاعد ألعب بلعبة روبلوكس واسمي نفسي لمى عشان يظنونه هو,Cyberbullying,Impersonation,aggressor
ترى ترى ما احد يبي يجلس جنبها بالباص ههه,Cyberbullying,Denigration_Humiliation,aggressor
انت كم عمرك بالضبط؟ عشان اعرف وش اعطيك من هدايا ههه,Grooming,Trust_Building,aggressor
انتي ما شاء الله عليك، تبنين وترسمين وتصممين، بعمرك؟,Grooming,Trust_Building,aggressor
قاعدة أساعد أمي في المطبخ نسوي حلا العصر شكرا,Normal,Normal,none
أنا مره خايف من اختبار الالدراسات الإسلامية بكرة دعواتكم لي شكرا,Normal,Normal,none
ما اعرفك الا من الفويس بس ضحكت معك اليوم اكثر من اي يوم,Grooming,Trust_Building,victim
شفت تعليقك عند المشهور، ضحكتني، انت مرح,Grooming,Trust_Building,aggressor
شكرا على الشدات يا كابتن السكواد اللي ما اعرفه,Grooming,Trust_Building,victim
ياخي رهيب لما عملت حساب ب تليجرام باسم خالد وأسوي مشاكل,Cyberbullying,Impersonation,aggressor
"ليش كتبتوا ""فلتر الكلب احلى من وجهك""؟ هذا مؤذي",Cyberbullying,Denigration_Humiliation,victim
دخلت لعبة ببجي بشخصية ديم وقمت أطرد الناس,Cyberbullying,Impersonation,aggressor
أنا ورهف قاعدين نبني بيت كبير في ماينكرافت تعالوا شوفوه,Normal,Normal,none
انا اكتب غلط شوي، بس هذا ما يعطيكم حق تتمسخرون,Cyberbullying,Denigration_Humiliation,victim
ماما سوت كبسة دجاج اليوم تفتح النفس بالعافية علينا,Normal,Normal,none
دخلت لعبة واتساب بشخصية ديم وقمت أطرد الناس,Cyberbullying,Impersonation,aggressor
أمي شافت رسائل ب تيك توك مفكرة إني أنا اللي كاتبها وهي مو مني,Cyberbullying,Impersonation,victim
ليه بعض العيال يسوون حسابات بأسماءنا ويسببون لنا مشاكل ب انستا؟ تكفون,Cyberbullying,Impersonation,victim
أحب أرسم بالألوان المائية بس دايم أوسخ يدي ههه والله,Normal,Normal,none
بعطيك اشتراك بالتطبيق اللي تحبه، هدية بس لانك لطيف,Grooming,Trust_Building,aggressor
أنا وتوق قاعدين نبني بيت كبير في ماينكرافت تعالوا شوفوه,Normal,Normal,none
يا شباب انتبهوا من أي رسالة تجيكم من حساب ب تليجرام يحمل اسمي,Cyberbullying,Impersonation,victim
بكره عندنا اختبار فقه لازم أنام بدري عشان أصصح مركز,Normal,Normal,none
شكرا على الكومنت، اول مرة احد من برا القروب يقرا قصصي,Grooming,Trust_Building,victim
كيف اتعامل مع التنمر على وزني,Cyberbullying,Denigration_Humiliation,victim
انتي لطيفة مره، لو كنتي بمدرستي كان صرنا اعز صديقات,Grooming,Trust_Building,aggressor
مين يعرف طريقة استرجاع حساب ديسكورد المسروق اللي يرسل خرابيط؟,Cyberbullying,Impersonation,victim
أنا وراشد بنروح المكتبة العصر نشتري أقلام ودفاتر جديدة شكرا,Normal,Normal,none
يا عيال فيه واحد مسوي حساب وهمي ب تويتر باسمي ويسب العالم تكفون,Cyberbullying,Impersonation,victim
انتي من التيك توك وتقولين كلامي يريح؟ ههه ما توقعت,Grooming,Trust_Building,victim
انا اكبر منك بس عادي، احب اسولف مع ناس اصغر يفهمون,Grooming,Trust_Building,aggressor
اوكي اكلمك بعد العشا، يا صاحبي من البث امس,Grooming,Trust_Building,victim
ليش تضحكون على اسمي؟ هذا اسم جدي,Cyberbullying,Denigration_Humiliation,victim
الويكند هذا بنسافر الرياض نزور جدتي وجدي والله,Normal,Normal,none
يوم الخميس الجوي بيكون روعة بنطلع نكشت بالبر هههه,Normal,Normal,none
ما ابي احد يشوف حسابي، صرت مضحكة,Cyberbullying,Denigration_Humiliation,victim
ليش انا الوحيد اللي يضحكون عليه,Cyberbullying,Denigration_Humiliation,victim
كيف أسوي اكونت وهمي بنفس اسم شخص بمدرسة ثانية,Cyberbullying,Impersonation,aggressor
قاعد ألعب بلعبة قروب المدرسة واسمي نفسي سلطان عشان يظنونه هو,Cyberbullying,Impersonation,aggressor
ما اعرفك برا الانستا بس كلامك عن رسوماتي خلاني افتح حساب فن,Grooming,Trust_Building,victim
كتبتي بوست طويل ومحد قرا، حتى انا ما كملته,Cyberbullying,Denigration_Humiliation,aggressor
انا ما ابي احد يعرف عن بيتنا، ليش تتكلمون عنه,Cyberbullying,Denigration_Humiliation,victim
شكرا انك قلت عادي اخسر، انت طيب مع اني ما اعرفك,Grooming,Trust_Building,victim
شفتك بالسيرفر حق الكيبوب، انتي تحبين نفس الفرقة؟ كم عمرك,Grooming,Trust_Building,aggressor
انت تحب كرة السلة؟ بعطيك تمارين، انا لاعب بالمدرسة وانت توك صغير,Grooming,Trust_Building,aggressor
ليش سويتوا تصويت مين اثقل دم؟ وحطيتوا اسمي,Cyberbullying,Denigration_Humiliation,victim
دخلت سيرفر انستا مسوي نفسي حور وقمت أسب خوينا,Cyberbullying,Impersonation,aggressor
خلنا نصير اصحاب، انا 15 وانت 11 بس عادي العمر رقم,Grooming,Trust_Building,aggressor
يا رجال شكرا على الاشتراك بالقناة، انت اول واحد من برا الحارة يشترك,Grooming,Trust_Building,victim
انت اكثر واحد يسمعني بالسيرفر، وانا ما اعرفك من قبل,Grooming,Trust_Building,aggressor
أحد عنده فكرة كيف أختم المرحلة العاشرة في فيفا؟ تعبت,Normal,Normal,none
"يا شباب هذا اللي ينادونه ""الدجاجة"" بالمدرسة ههههه",Cyberbullying,Denigration_Humiliation,aggressor
انت كم عمرك؟ ههه لا تزعل، بس ابي اعرف عشان اعطيك اشياء تناسبك,Grooming,Trust_Building,aggressor
كيف أقدر أحذف حساب وهمي ب ماينكرافت منتحل شخصيتي؟,Cyberbullying,Impersonation,victim
انتي تحبين القهوة؟ ههه بعمرك؟ انا اكبر بس نفس ذوقك,Grooming,Trust_Building,aggressor
شكرا يا عمي على التوصيلة للمدرسة اليوم ريحتني الله يسعدك,Normal,Normal,none
كل الكومنتات تضحك عليك، شفت؟ انت مضحكة النت,Cyberbullying,Denigration_Humiliation,aggressor
شكرا على متابعتك، حسابك ما فيه ولا صورة بس كلامك حلو,Grooming,Trust_Building,victim
يا أختي الكبيرة الله يعطيك العافية على الهدية الجميلة مره انبسطت عليها,Normal,Normal,none
انت كبير وتقول اني العب افضل من فريقك؟ ههه ما اصدق,Grooming,Trust_Building,victim
انا اعرف ان صوتي ما خشن، ما يحتاج تقولونها قدام الكل,Cyberbullying,Denigration_Humiliation,victim
من وين تعرفني,Grooming,Trust_Building,victim
تكفون يا عيال اعملوا بلاغ على الحساب المزيف اللي باسمي ب تيك توك تكفون,Cyberbullying,Impersonation,victim
انت صرت صاحبي,Grooming,Trust_Building,victim
كيف اهدي نيترو لشخص بالديسكورد,Grooming,Trust_Building,aggressor
خلصت الواجبات وبطلع العب مع الشباب بالحوش شوي,Normal,Normal,none
انتي كم صار لك تلعبين؟ شكلك جديدة، انا بعلمك كل شي,Grooming,Trust_Building,aggressor
يا بزر روح العب بالرمل، هذي اللعبة للكبار,Cyberbullying,Denigration_Humiliation,aggressor
يمه احس اني صرت اعرفك زين، مع اننا من اسبوع بس بالديسكورد,Grooming,Trust_Building,victim
خلصت حفظ سور القرآن المطلوبة مني للاستاذة بكرة صحيح,Normal,Normal,none
خلصت الواجبات وبطلع العب مع الشباب بالحوش شوي شكرا,Normal,Normal,none
ههه انتي من الانستا وتقولين اني اشبه ممثلة؟ مستحية,Grooming,Trust_Building,victim
ليش تقولون ضحكتي تفشل؟ صرت ما اضحك قدامكم,Cyberbullying,Denigration_Humiliation,victim
انت كبير وتعرف تتعامل مع المشاكل، نصيحتك عن صاحبي زبطت,Grooming,Trust_Building,victim
تبي اعلمك قلتشات بالماين كرافت؟ انا اعرف كثير وانت جديد,Grooming,Trust_Building,aggressor
انا كنت ابي اتشارك رسمي، ما توقعت يصير كذا,Cyberbullying,Denigration_Humiliation,victim
انت الرجال اللي يبث كل يوم؟ شكرا انك قلت اسمي بالبث,Grooming,Trust_Building,victim
شفت رسمك على الجدار بالصورة، ابداع، انت ولد فنان,Grooming,Trust_Building,aggressor
أخذت باسورد جوري ب ديسكورد وقاعد أرسل رسايل لناس ثانيين ههههه,Cyberbullying,Impersonation,aggressor
العمر مجرد رقم,Grooming,Trust_Building,aggressor
يا أخوي الكبير طلبت لك قهوة زي ما تحب الحين أجيبها لك وأنت قاعد بالمجلس,Normal,Normal,none
شوفوا شكله,Cyberbullying,Denigration_Humiliation,aggressor
شفتك بالسبيس حق التويتر، صوتك صغير بس كلامك كبير,Grooming,Trust_Building,aggressor
ههههه شكلك وأنت معصب تحفة يالطيب، فديت خشمك,Normal,Normal,none
كيف اسوي ستيكر من صورة احد بالواتساب,Cyberbullying,Denigration_Humiliation,aggressor
دخلت سيرفر انستا مسوي نفسي عمر وقمت أسب خوينا,Cyberbullying,Impersonation,aggressor
ترى تقول انها تعرف المشاهير، كذابة ولا احد يعرفها,Cyberbullying,Denigration_Humiliation,aggressor
انت ولد هادي بس اسلوبك حلو، انا لاحظتك من بين الكل,Grooming,Trust_Building,aggressor
انا اكبر منك بأربع سنين بس اقدر افهمك اكثر من اصحابك,Grooming,Trust_Building,aggressor
الكل يضحك علي,Cyberbullying,Denigration_Humiliation,victim
انت كبير وتعرف تتكلم انجليزي مثل الامريكان؟ علمني,Grooming,Trust_Building,victim
ترى خالد يقول انه بيصير لاعب، وهو ما يعرف يشوت ههههه,Cyberbullying,Denigration_Humiliation,aggressor
طريقة كيف تنتحل شخصية صديقك ب منصة مدرستي وتكلم أهله,Cyberbullying,Impersonation,aggressor
تكفون لا تقرون قصتي بالقروب وتضحكون,Cyberbullying,Denigration_Humiliation,victim
"انا ما ابي القب ""ابو كرش""، تكفون وقفوا",Cyberbullying,Denigration_Humiliation,victim
ليش قلتي للكل اني اغار منك؟ مو صحيح,Cyberbullying,Denigration_Humiliation,victim
قسم بالله اللي يكلمكم ب فورتنايت مو أنا هذا واحد كذاب,Cyberbullying,Impersonation,victim
خذي هالقالب للستوري، صممته لك بس، انتي اول متابعة اهديها,Grooming,Trust_Building,aggressor
يا عيال أخذت حساب ب فورتنايت نفس صورة سارة بالضبط ومحد درى,Cyberbullying,Impersonation,aggressor
طيب اسولف معك، بس انت من اي حساب جيت لي؟ ما اعرفك,Grooming,Trust_Building,victim
انت اللي بالتيك توك تقول اني بصير مشهورة؟ ههه شكرا,Grooming,Trust_Building,victim
انت من برا السعودية وتعرف اغانينا؟ واو,Grooming,Trust_Building,victim
يا جماعة اليوم الأستاذ عطانا واجب طويل اللغة العربية الله يعين صحيح,Normal,Normal,none
أمي شافت رسائل ب روبلوكس مفكرة إني أنا اللي كاتبها وهي مو مني,Cyberbullying,Impersonation,victim
انت من الانستا وتقول بتسوي لي بروفايل احترافي؟ مره شكرا,Grooming,Trust_Building,victim
شفتك بقروب الانمي، انتي تعرفين اكثر من الكبار، ابداع,Grooming,Trust_Building,aggressor
انت كبير بس تفهم ليه احب ارسم الانمي,Grooming,Trust_Building,victim
أنا اللي فتحت حساب نوف ب انستا وقعدت أكلم صاحبه,Cyberbullying,Impersonation,aggressor
ههه انت دايم تقول كلام حلو عن صوري، شكرا يا متابعي الغريب,Grooming,Trust_Building,victim
انا اكبر منك بس ما اتكبر عليك، انت مثل اخوي,Grooming,Trust_Building,aggressor
انا ما اشتري متابعين، ليش تقولين كذا للبنات,Cyberbullying,Denigration_Humiliation,victim
انتي تكتبين خواطر؟ كلامك مثل كلام الاطفال ههه,Cyberbullying,Denigration_Humiliation,aggressor
انتي ما تعرفيني بس انا متابعتك من زمان، احب مقاطعك,Grooming,Trust_Building,aggressor
ليش كتبتي اني اتملق للمشهورة؟ كنت امدحها بس,Cyberbullying,Denigration_Humiliation,victim
انت قلت انك تشتغل؟ يعني عمرك كبير، بس عادي اسولف معك,Grooming,Trust_Building,victim
يا أستاذ ترى فيه واحد مسوي نفسه أنا بقروب الواتساب ويسب,Cyberbullying,Impersonation,victim
مبروك الفوز يا رائد لعبت اليوم بمستوى بطل,Normal,Normal,none
الويكند هذا بنسافر الرياض نزور جدتي وجدي صحيح,Normal,Normal,none
متابع يعلق على كل صوري ويمدحني,Grooming,Trust_Building,victim
شكرا على الدعم بالمسابقة يا اللي من الانستا، ما اعرفك بس فرحت,Grooming,Trust_Building,victim
أنا اللي فتحت حساب لين ب روبلوكس وقعدت أكلم صاحبه,Cyberbullying,Impersonation,aggressor
يا هند تعال دخلني السيرفر حقك في ماينكرافت بسرعة,Normal,Normal,none
يااي اهديتني اشتراك بالتطبيق؟ وش سويت لك عشان تعطيني ههه,Grooming,Trust_Building,victim
انا كمان احب الانمي هذا! حلو اني لقيت احد يحبه حتى لو من النت,Grooming,Trust_Building,victim
ليش كل ما اكتب بالقروب تطلعون غلطاتي؟,Cyberbullying,Denigration_Humiliation,victim
ترى ترى سارة تحب استاذة العلوم وتتملق لها ههه,Cyberbullying,Denigration_Humiliation,aggressor
يا شباب انتبهوا من أي رسالة تجيكم من حساب ب تيك توك يحمل اسمي,Cyberbullying,Impersonation,victim
ليش تقولين اني نسخة مقلدة؟ انا عندي ستايلي,Cyberbullying,Denigration_Humiliation,victim
انت لا تتكلم عن الكورة، انت ما تعرف حتى قوانينها,Cyberbullying,Denigration_Humiliation,aggressor
أنا اللي كلمت الشباب ب ماينكرافت مسوي نفسي حور هههههه,Cyberbullying,Impersonation,aggressor
انت من النت بس تعرف تشرح الرياضيات احسن من استاذي,Grooming,Trust_Building,victim
اقول ترى خالد يخاف من الظلام، نام عند امه لين الحين ههه,Cyberbullying,Denigration_Humiliation,aggressor
أنا سويت حساب مشابه ل ديم ب فورتنايت بحرف زايد عشان ما ينتبهون,Cyberbullying,Impersonation,aggressor
شفت مقطعك بالروبلوكس، انتي تبنين احسن من الكبار، كم عمرك؟,Grooming,Trust_Building,aggressor
أنا اللي فتحت حساب لمى ب سناب وقعدت أكلم صاحبه,Cyberbullying,Impersonation,aggressor
أمي طلبت مني أنزل البقالة أشتري خبز وراجع والله,Normal,Normal,none
أنا وصالح قاعدين نبني بيت كبير في ماينكرافت تعالوا شوفوه,Normal,Normal,none
قاعد ألعب بلعبة انستا واسمي نفسي سلطان عشان يظنونه هو,Cyberbullying,Impersonation,aggressor
دخلت سيرفر تليجرام مسوي نفسي لمى وقمت أسب خوينا,Cyberbullying,Impersonation,aggressor
دخلت سيرفر ببجي مسوي نفسي شهد وقمت أسب خوينا,Cyberbullying,Impersonation,aggressor
انت صغير بس اقدر اسولف معك كأنك قدي,Grooming,Trust_Building,aggressor
ههههه انت اول واحد غريب يفهم نكتي بالتيك توك,Grooming,Trust_Building,victim
انا كنت زعلانة اليوم وكلامك فرحني، شكرا مع اني ما اعرفك,Grooming,Trust_Building,victim
انت ولد ولا بنت؟ عشان اعرف كيف اكلمك ههه,Grooming,Trust_Building,aggressor
انتي ردك على سؤالي كان ذكي، كم عمرك؟ ههه,Grooming,Trust_Building,aggressor
يا خالتي الحساب اللي ب انستا اللي يسب مو انا والله,Cyberbullying,Impersonation,victim
وينك يا سارة قاعد أستناك بالسيرفر صار لي ساعة,Normal,Normal,none
ماما سوت مكرونة دجاج اليوم تفتح النفس بالعافية علينا شكرا,Normal,Normal,none
اذا تحتاج احد يساعدك بالمذاكرة انا موجود، حتى لو ما نعرف بعض,Grooming,Trust_Building,aggressor
مين يعرف طريقة استرجاع حساب فورتنايت المسروق اللي يرسل خرابيط؟,Cyberbullying,Impersonation,victim
ياخي رهيب لما سرقت حساب ب روبلوكس باسم سارة وأسوي مشاكل,Cyberbullying,Impersonation,aggressor
خلصت حفظ سور القرآن المطلوبة مني للاستاذة بكرة شكرا,Normal,Normal,none
انت كبير وتقول بتعطيني لابتوبك القديم؟ لا تمزح ههه,Grooming,Trust_Building,victim
يا جماعة اليوم الأستاذ عطانا واجب طويل العلوم الله يعين,Normal,Normal,none
وينك يا فهد قاعد أستناك بالسيرفر صار لي ساعة,Normal,Normal,none
اليوم حسيت بنعاس شديد بالحصة الأخيرة من كثر ما الدرس طويل والله,Normal,Normal,none
انتي بالسادس؟ يمه صغيرة، بس كلامك كأنك بالثانوي,Grooming,Trust_Building,aggressor
يعني انت تتابع كل ستوريز حقتي؟ ههه حلو، اول مرة احد كذا,Grooming,Trust_Building,victim
كيف أبلغ إدارة تيك توك عن شخص منتحل شخصيتي وسارق حسابي؟,Cyberbullying,Impersonation,victim
قاعد أصلح السيكل حق أخوي الصغير انفك الكفر شكرا,Normal,Normal,none
يا جماعة اكونتي ب ديسكورد مسروق وفيه شخص يكلم الناس بدلي,Cyberbullying,Impersonation,victim
"حطيت رسمتها بالقروب وكتبت ""فن حديث""",Cyberbullying,Denigration_Humiliation,aggressor
بعطيك الباس الذهبي، ما تعرفني بس اعتبرها هدية تعارف,Grooming,Trust_Building,aggressor
يا عمتي الله يعطيك العافية على الهدية الجميلة مره انبسطت عليها,Normal,Normal,none
اليوم الأحد ودايم يكون ثقيل ومتعب أول الأسبوع,Normal,Normal,none
انت مميز,Grooming,Trust_Building,aggressor
شكرا على الكلام الحلو ما توقعت احد ما يعرفني يعلق على رسمتي كذا,Grooming,Trust_Building,victim
ليش قلتوا ان درجاتي بالواسطة؟ انا اذاكر كل يوم,Cyberbullying,Denigration_Humiliation,victim
دخلت لعبة تليجرام بشخصية نواف وقمت أطرد الناس,Cyberbullying,Impersonation,aggressor
كيف اخلي الكل يضحك على شخص,Cyberbullying,Denigration_Humiliation,aggressor
كيف أبلغ إدارة انستا عن شخص منتحل شخصيتي وسارق حسابي؟,Cyberbullying,Impersonation,victim
انا مو من فصلك بس دخلت القروب العام وحسيتك شخص لطيف,Grooming,Trust_Building,aggressor
كيف اعرف عمر الشخص اللي العب معه,Grooming,Trust_Building,victim
سويت نفس اسم رغد وصورته ب انستا وقاعد أرد على المدرسين,Cyberbullying,Impersonation,aggressor
"حطيت صورته وهو ياكل بالفسحة وكتبت ""وحش الاكل""",Cyberbullying,Denigration_Humiliation,aggressor
"كل التعليقات تحت مقطعي ""كرنج""، ابي احذفه",Cyberbullying,Denigration_Humiliation,victim
دخلت سيرفر تويتر مسوي نفسي فاطمة وقمت أسب خوينا,Cyberbullying,Impersonation,aggressor
ردود قصف جبهة على شكل احد,Cyberbullying,Denigration_Humiliation,aggressor
أذن العشاء بروح أصلي في المسجد وراجع لكم صحيح,Normal,Normal,none
أخذت باسورد شهد ب سناب وقاعد أرسل رسايل لناس ثانيين,Cyberbullying,Impersonation,aggressor
شكرا على الشدات يا عمي، أنت أحسن عمي بالدنيا الله يحفظك,Normal,Normal,none
كيف عرفت ان لوني المفضل بنفسجي؟ انت تتابعني من زمان؟,Grooming,Trust_Building,victim
أبشرك يا ولد عمي جبت درجات عالية بالاختبار اليوم الحمد لله,Normal,Normal,none
يا أستاذ ترى فيه شخص مسوي نفسه أنا بقروب واتساب ويغلط,Cyberbullying,Impersonation,victim
انا مو اي احد، انا اكبر واحد بالسيرفر، واخترتك صاحبي,Grooming,Trust_Building,aggressor
اليوم حسيت بنعاس شديد بالحصة الأخيرة من كثر ما الدرس طويل هههه,Normal,Normal,none
انا مو من مدينتك بس احس اني اعرفك من زمان,Grooming,Trust_Building,aggressor
أنا مره خايف من اختبار الالأنشطة بكرة دعواتكم لي شكرا,Normal,Normal,none
شفت مقطعك وانت تغني، صوتك نظيف، كم عمرك يا بطل؟,Grooming,Trust_Building,aggressor
سويت حساب تويتر باسم المشرف وقعدت أرد على العالم,Cyberbullying,Impersonation,aggressor
انت ولد شجاع، ما يخاف يسأل، احب الناس كذا,Grooming,Trust_Building,aggressor
عادي اكون اختك الكبيرة من النت؟ احس انك تحتاجين احد يسمعك,Grooming,Trust_Building,aggressor
شوفوا ستوريها، تسوي نفسها حلوة وهي ولا شي,Cyberbullying,Denigration_Humiliation,aggressor
قاعد ألعب بلعبة تليجرام واسمي نفسي ناصر عشان يظنونه هو,Cyberbullying,Impersonation,aggressor
انتي اكثر وحدة لطيفة بالسيرفر كله، والله,Grooming,Trust_Building,aggressor
يا شباب البطل جاب 3 من 20، صفقوا له,Cyberbullying,Denigration_Humiliation,aggressor
انت من النت بس كلامك عن الاختبار ريحني,Grooming,Trust_Building,victim
بعطيك متابعين بحسابي، بس لانك عاجبني محتواك,Grooming,Trust_Building,aggressor
بعطيك كل اسبوع شي حلو، لانك صرتي صاحبتي من القروب,Grooming,Trust_Building,aggressor
ما ادري من وين لقيتني بس تعليقك على فيديوي خلاني اكمل,Grooming,Trust_Building,victim
يا كسول حتى السرير زهق منك ههههه,Cyberbullying,Denigration_Humiliation,aggressor
انتي من الانستا وتقولين بتسوين لي تصميم لعيد ميلادي؟ يا عمري,Grooming,Trust_Building,victim
انت تسوي نفسك يوتيوبر؟ قناتك فاضية مثل راسك,Cyberbullying,Denigration_Humiliation,aggressor
اول مره احد ما اعرفه يقولي انه فخور فيني,Grooming,Trust_Building,victim
انا ابي احذف المقطع بس الناس نزلوه بحساباتهم,Cyberbullying,Denigration_Humiliation,victim
أمي طلبت مني أنزل البقالة أشتري خبز وراجع صحيح,Normal,Normal,none
عرفتك من السيرفر العام وعطيتني ادوات البناء كلها، شكرا,Grooming,Trust_Building,victim
ياخي انت مره طيب مع اني توني اعرفك من السكواد,Grooming,Trust_Building,victim
اليوم السيرفر بطيء مدري المشكلة من النت عندي ولا من اللعبة,Normal,Normal,none
شكرا على الكلام الحلو بالكومنتات، ما توقعت احد غريب يهتم,Grooming,Trust_Building,victim
تعمدت أسوي حساب مزيف ب واتساب باسم جوري عشان أورطه,Cyberbullying,Impersonation,aggressor
خلصت الواجبات وبطلع العب مع الشباب بالحوش شوي هههه,Normal,Normal,none
حتى المعلمة سمعت اللي قالوه عني، فشلة,Cyberbullying,Denigration_Humiliation,victim
بصمم لك لوقو لقناتك مجانا، لانك اكثر يوتيوبر صغير عاجبني,Grooming,Trust_Building,aggressor
أنا اللي كلمت الشباب ب انستا مسوي نفسي ريماس هههههه,Cyberbullying,Impersonation,aggressor
ليش الناس يضحكون على صوتي,Cyberbullying,Denigration_Humiliation,victim
يمه كل البنات بالقروب يتمسخرون على شكلي,Cyberbullying,Denigration_Humiliation,victim
عرفتك من يومين بس احس اعرفك من زمان ههه,Grooming,Trust_Building,victim
يا عيال فتحت حساب ب ماينكرافت نفس صورة سعود بالضبط ومحد درى,Cyberbullying,Impersonation,aggressor
شفتك بالقروب تساعدين الناس، انتي طيبة، تبين نصير صديقات؟,Grooming,Trust_Building,aggressor
ليه بعض العيال يسوون حسابات بأسماءنا ويسببون لنا مشاكل ب فورتنايت؟,Cyberbullying,Impersonation,victim
سويت نفس اسم نواف وصورته ب ببجي وقاعد أرد على المدرسين,Cyberbullying,Impersonation,aggressor
تعمدت أسوي حساب مزيف ب ببجي باسم عبدالعزيز عشان أورطه,Cyberbullying,Impersonation,aggressor
يا شباب الحقوا، فلان نزل مقطع غناء، جيبوا الفشار,Cyberbullying,Denigration_Humiliation,aggressor
أبشرك يا بنت عمي جبت درجات عالية بالاختبار اليوم الحمد لله,Normal,Normal,none
خذ هالكوينز، ما تعرفني بس انا احب اعطي اللي يستاهل,Grooming,Trust_Building,aggressor
ياخي رهيب لما دخلت حساب ب روبلوكس باسم عبدالعزيز وأسوي مشاكل ههههه,Cyberbullying,Impersonation,aggressor
دخلت لعبة ببجي بشخصية نواف وقمت أطرد الناس,Cyberbullying,Impersonation,aggressor
ما ابي اطلع بالاذاعة ثاني، المقطع للحين ينرسل,Cyberbullying,Denigration_Humiliation,victim
مين يعرف طريقة استرجاع حساب انستا المسروق اللي يرسل خرابيط؟ تكفون,Cyberbullying,Impersonation,victim
واحد يقول انه يتابعني من زمان وما اعرفه,Grooming,Trust_Building,victim
قسم بالله اللي يكلمكم ب تليجرام مو أنا هذا واحد كذاب,Cyberbullying,Impersonation,victim
انت عمرك 27 وتسمع نفس الاغاني اللي اسمعها؟ ذوقك حلو,Grooming,Trust_Building,victim
منو يبي يشوف وجه سلطان وهو يبكي على الدرجة؟ عندي المقطع,Cyberbullying,Denigration_Humiliation,aggressor
شوفوا تعليقها تحت مقطع المشهور، تتملق ههههه,Cyberbullying,Denigration_Humiliation,aggressor
انت شاطر بالشطرنج اونلاين، كم عمرك؟ تبي العب معك كل يوم,Grooming,Trust_Building,aggressor
وينك يا منيرة قاعد أستناك بالسيرفر صار لي ساعة,Normal,Normal,none
هل يصير صاحبك شخص من اللعبة اكبر منك,Grooming,Trust_Building,victim
يا بنات خلونا نسوي تحدي: مين تقلدها احسن؟,Cyberbullying,Denigration_Humiliation,aggressor
اوكي اكلمك عن ابطال الانمي اللي احبهم، يا صاحبي الجديد من التيك توك,Grooming,Trust_Building,victim
تكفون بلغوا عن حساب ب تليجرام حاط صورتي واسمي ويسيء للناس,Cyberbullying,Impersonation,victim
يا عمتي الوالد يسلم عليك ويقولك متى بتزورنا الاستراحة الليلة؟,Normal,Normal,none
طريقة كيف تنتحل شخصية صديقك ب ديسكورد وتكلم أهله ههههه,Cyberbullying,Impersonation,aggressor
شخص بالنت يفهمني اكثر من اصحابي,Grooming,Trust_Building,victim
انتي صغيرة على التيك توك بس محتواك حلو، استمري وانا بدعمك,Grooming,Trust_Building,aggressor
صدق عمرك 26؟ وتعلق على مقاطعي كل يوم؟ والله انك وفي,Grooming,Trust_Building,victim
انا ما اعرف احط مكياج، بس ليش تقولون مهرج,Cyberbullying,Denigration_Humiliation,victim
ياخي رهيب لما أخذت حساب ب قروب المدرسة باسم محمد وأسوي مشاكل,Cyberbullying,Impersonation,aggressor
فزت على أختي ب روكت ليق وقعدت تصيح تبي تعيد القيم هههه,Normal,Normal,none
انت غير عن اللي بعمرك,Grooming,Trust_Building,aggressor
نسخت بوستات نواف ونشرتها بحسابي الوهمي ب سناب,Cyberbullying,Impersonation,aggressor
يمه الكلام ذا يخجل بس شكرا، ما احد بالنت قالي كذا قبل,Grooming,Trust_Building,victim
تكفون يا عيال اعملوا بلاغ على الحساب المزيف اللي باسمي ب روبلوكس,Cyberbullying,Impersonation,victim
أنا مره خايف من اختبار الالرياضيات بكرة دعواتكم لي هههه,Normal,Normal,none
مبروك الفوز يا أحمد لعبت اليوم بمستوى بطل,Normal,Normal,none
اوكي اسمع بقولك وش احب، بس انت من البنات اللي بالقروب ولا لا؟ صوتك ما يبان,Grooming,Trust_Building,victim
الولد ذا ما يتروش، ريحته توصل لآخر الفصل,Cyberbullying,Denigration_Humiliation,aggressor
يا حلو صوتك بالقرآن بالمقطع، كم عمرك؟ ما شاء الله عليك,Grooming,Trust_Building,aggressor
ما اعرفك برا اللعبة بس حبيت انك تسأل عن اختباري,Grooming,Trust_Building,victim
ليش سويت ريمكس لصوتي وانا اعصب؟ احذفه,Cyberbullying,Denigration_Humiliation,victim
بعطيك الباتل باس هدية، بس لانك ولد طيب ما تعرفني بس تستاهل,Grooming,Trust_Building,aggressor
يا شباب انتبهوا من أي رسالة تجيكم من حساب ب ديسكورد يحمل اسمي,Cyberbullying,Impersonation,victim
شكرا انك هنيتني بالنجاح، ما اعرفك الا من السناب بس فرحت,Grooming,Trust_Building,victim
ما اعرفك الا من البث بس صرت انتظر تدخل كل يوم,Grooming,Trust_Building,victim
حطيت صوته وهو يقرا بالحصة بالتيك توك، يضحك والله,Cyberbullying,Denigration_Humiliation,aggressor
انتي من التيك توك وتقولين اني اشبهك وانتي صغيرة؟ ههه,Grooming,Trust_Building,victim
طريقت كيف أفتح حساب شخص ثاني بدون ما يدري,Cyberbullying,Impersonation,aggressor
بعطيك نيترو شهر، بس لانك اكثر واحد لطيف بالسيرفر,Grooming,Trust_Building,aggressor
"كتبت تحت صورتها ""مين سمح لك تتصورين؟"" والبنات كلهم لايك",Cyberbullying,Denigration_Humiliation,aggressor
أبوي جاب لنا بطيخ بارد يبرد على القلب بهالجو الحار هههه,Normal,Normal,none
ليش تتمسخرون علي,Cyberbullying,Denigration_Humiliation,victim
شفت تعليقك عن اختبار القدرات، انت بالمتوسط وتفكر فيه؟ ذكي,Grooming,Trust_Building,aggressor
كتبت تعليق مسيء ب قروب المدرسة بحساب فهد والكل صدق,Cyberbullying,Impersonation,aggressor
كل عام وأنت بخير يا خالتي وعساك من عواده وتقبل الله طاعتك,Normal,Normal,none
انتي عمرك 27 بس تحبين نفس الالعاب اللي احبها,Grooming,Trust_Building,victim
يا عيال مين خلص مشروع العلوم حق الأستاذ أحمد؟ والله,Normal,Normal,none
يا خالتي الحساب اللي ب واتساب اللي يسب مو انا والله,Cyberbullying,Impersonation,victim
ترى سمعت انه رسب السنة اللي فاتت، عشان كذا كبير بيننا,Cyberbullying,Denigration_Humiliation,aggressor
سرقت اكونت فورتنايت وهمي باسم عمر وقاعد أضحك على العالم,Cyberbullying,Impersonation,aggressor
كل يوم اشوف مقاطعك بالتيك توك وتعجبني، انتي غير عن الباقين,Grooming,Trust_Building,aggressor
ليش انا دايم اللي تختارونها عشان تضحكون عليها؟,Cyberbullying,Denigration_Humiliation,victim
ليش تتمسخرون على بثي؟ انا ابي اتعلم بس,Cyberbullying,Denigration_Humiliation,victim
يا خالتي الحساب اللي ب انستا اللي يسب مو انا والله تكفون,Cyberbullying,Impersonation,victim
يعني انتي من متابعيني من زمان؟ شكرا انك تدعميني دايم,Grooming,Trust_Building,victim
مين يعرف طريقة استرجاع حساب تويتر المسروق اللي يرسل خرابيط؟,Cyberbullying,Impersonation,victim
تعرف انك اكثر واحد العب معه وارتاح؟ ونحن ما نعرف بعض بالحقيقة,Grooming,Trust_Building,aggressor
يا خالتي تكفا علمني كيف أحل المسألة هذه بالرياضيات تعبت وانا افكر فيها,Normal,Normal,none
انت ذكي بالنسبة لعمرك,Grooming,Trust_Building,aggressor
عمرك 20 وتقول اني العب احسن منك؟ ههه يا شيخ,Grooming,Trust_Building,victim
ليه فيه ناس فاضية تسوي حسابات مزيفة بأسامينا في انستا؟,Cyberbullying,Impersonation,victim
ابد ما توقعت واحد عمره 20 يتابع رسماتي ويعلق كل مرة,Grooming,Trust_Building,victim
ترى هي ما عندها جوال، تستلف من اختها,Cyberbullying,Denigration_Humiliation,aggressor
تبي روبكس؟ بعطيك لانك لطيف، حتى لو توني اعرفك,Grooming,Trust_Building,aggressor
انت كبير وتحب تقرا قصص الرعب زيي؟ ههه,Grooming,Trust_Building,victim
ليش تضحكون على لهجتي؟ هذي لهجة اهلي,Cyberbullying,Denigration_Humiliation,victim
يا جماعة اكونتي ب فورتنايت مسروق وفيه شخص يكلم الناس بدلي,Cyberbullying,Impersonation,victim
ترى ابوه يشتغل حارس، عشان كذا ملابسه كلها قديمة ههه,Cyberbullying,Denigration_Humiliation,aggressor
وااو اهديتني الكتاب الالكتروني؟ وانت حتى ما تعرفني الا من التيليقرام,Grooming,Trust_Building,victim
انت كبير وتقول بتعلمني الاستثمار؟ ههه وانا بثالث متوسط,Grooming,Trust_Building,victim
أخذت باسورد نواف ب واتساب وقاعد أرسل رسايل لناس ثانيين,Cyberbullying,Impersonation,aggressor
كتبت تعليق مسيء ب سناب بحساب جوري والكل صدق,Cyberbullying,Impersonation,aggressor
أنا سويت حساب مشابه ل سلطان ب انستا بحرف زايد عشان ما ينتبهون ههههه,Cyberbullying,Impersonation,aggressor
دخلت سيرفر تويتر مسوي نفسي فيصل وقمت أسب خوينا,Cyberbullying,Impersonation,aggressor
